SET DB_CLOSE_DELAY -1;        
;             
CREATE USER IF NOT EXISTS CHANGEAPPSERVER SALT '27a0d3df2ef17705' HASH 'e4cb728c536eec83ebb6c71273819bad9432094d01afbaa4fec067800283a4b8' ADMIN;              
CREATE SEQUENCE PUBLIC.SYSTEM_SEQUENCE_07A53DE9_3C4C_4490_A500_B77E7AB88B9F START WITH 3 BELONGS_TO_TABLE;    
CREATE SEQUENCE PUBLIC.SYSTEM_SEQUENCE_7E43A51D_2EBF_4E62_8147_195A3122DC5F START WITH 1 BELONGS_TO_TABLE;    
CREATE SEQUENCE PUBLIC.SYSTEM_SEQUENCE_E75FB5B1_AE1E_43B8_897B_7F1F432969DC START WITH 33 BELONGS_TO_TABLE;   
CREATE SEQUENCE PUBLIC.SYSTEM_SEQUENCE_77753D0A_E5E6_417C_9644_551BC6CD137B START WITH 1 BELONGS_TO_TABLE;    
CREATE SEQUENCE PUBLIC.SYSTEM_SEQUENCE_FABA8E47_A115_44CA_873B_17B0C04683F8 START WITH 33 BELONGS_TO_TABLE;   
CREATE SEQUENCE PUBLIC.SYSTEM_SEQUENCE_66C42024_9DF2_4F83_A64E_407602C7191F START WITH 458 BELONGS_TO_TABLE;  
CREATE SEQUENCE PUBLIC.SYSTEM_SEQUENCE_439D5F98_D89A_4D21_9C5C_A1B8D88B5F3E START WITH 6 BELONGS_TO_TABLE;    
CREATE SEQUENCE PUBLIC.SYSTEM_SEQUENCE_FCEDD709_7614_46F6_AC11_F9DB27D7CCEF START WITH 116 BELONGS_TO_TABLE;  
CREATE SEQUENCE PUBLIC.SYSTEM_SEQUENCE_6199FDC1_3D5A_4CD4_BF2D_730602F095DF START WITH 533 BELONGS_TO_TABLE;  
CREATE SEQUENCE PUBLIC.SYSTEM_SEQUENCE_D6BE42FE_206C_4A46_970F_CDBA1C387DB3 START WITH 823 BELONGS_TO_TABLE;  
CREATE SEQUENCE PUBLIC.SYSTEM_SEQUENCE_768B3565_20EF_48C5_AA92_614D0C2B1919 START WITH 518 BELONGS_TO_TABLE;  
CREATE SEQUENCE PUBLIC.SYSTEM_SEQUENCE_25596689_3DBF_4E7C_95BB_97FF7493F603 START WITH 37 BELONGS_TO_TABLE;   
CREATE SEQUENCE PUBLIC.SYSTEM_SEQUENCE_A6D9784B_35DD_4068_8197_908549A332A2 START WITH 137 BELONGS_TO_TABLE;  
CREATE SEQUENCE PUBLIC.SYSTEM_SEQUENCE_9486A682_8350_4C32_971F_A256995730AC START WITH 34 BELONGS_TO_TABLE;   
CREATE SEQUENCE PUBLIC.SYSTEM_SEQUENCE_4E7D2A0A_307F_4384_AC70_092336EF194D START WITH 34 BELONGS_TO_TABLE;   
CREATE SEQUENCE PUBLIC.SYSTEM_SEQUENCE_E93DDFD4_A47E_4A26_9DFC_1B5B1D1682DE START WITH 33 BELONGS_TO_TABLE;   
CREATE CACHED TABLE PUBLIC.DATABASECHANGELOGLOCK(
    ID INT NOT NULL,
    LOCKED BOOLEAN NOT NULL,
    LOCKGRANTED TIMESTAMP,
    LOCKEDBY VARCHAR(255)
);              
ALTER TABLE PUBLIC.DATABASECHANGELOGLOCK ADD CONSTRAINT PUBLIC.PK_DATABASECHANGELOGLOCK PRIMARY KEY(ID);      
-- 1 +/- SELECT COUNT(*) FROM PUBLIC.DATABASECHANGELOGLOCK;   
INSERT INTO PUBLIC.DATABASECHANGELOGLOCK(ID, LOCKED, LOCKGRANTED, LOCKEDBY) VALUES(1, FALSE, NULL, NULL);     
CREATE CACHED TABLE PUBLIC.DATABASECHANGELOG(
    ID VARCHAR(255) NOT NULL,
    AUTHOR VARCHAR(255) NOT NULL,
    FILENAME VARCHAR(255) NOT NULL,
    DATEEXECUTED TIMESTAMP NOT NULL,
    ORDEREXECUTED INT NOT NULL,
    EXECTYPE VARCHAR(10) NOT NULL,
    MD5SUM VARCHAR(35),
    DESCRIPTION VARCHAR(255),
    COMMENTS VARCHAR(255),
    TAG VARCHAR(255),
    LIQUIBASE VARCHAR(20),
    CONTEXTS VARCHAR(255),
    LABELS VARCHAR(255),
    DEPLOYMENT_ID VARCHAR(10)
);               
-- 26 +/- SELECT COUNT(*) FROM PUBLIC.DATABASECHANGELOG;      
INSERT INTO PUBLIC.DATABASECHANGELOG(ID, AUTHOR, FILENAME, DATEEXECUTED, ORDEREXECUTED, EXECTYPE, MD5SUM, DESCRIPTION, COMMENTS, TAG, LIQUIBASE, CONTEXTS, LABELS, DEPLOYMENT_ID) VALUES('00000000000001', 'jhipster', 'classpath:config/liquibase/changelog/00000000000000_initial_schema.xml', TIMESTAMP '2018-03-16 21:08:46.21', 1, 'EXECUTED', '7:289534c28c020e6fefc04422562ad4a2', 'createTable tableName=jhi_user; createIndex indexName=idx_user_login, tableName=jhi_user; createIndex indexName=idx_user_email, tableName=jhi_user; createTable tableName=jhi_authority; createTable tableName=jhi_user_authority; addPrimaryKey tableN...', '', NULL, '3.5.3', NULL, NULL, '1194926102');         
INSERT INTO PUBLIC.DATABASECHANGELOG(ID, AUTHOR, FILENAME, DATEEXECUTED, ORDEREXECUTED, EXECTYPE, MD5SUM, DESCRIPTION, COMMENTS, TAG, LIQUIBASE, CONTEXTS, LABELS, DEPLOYMENT_ID) VALUES('20180308190929-1', 'jhipster', 'classpath:config/liquibase/changelog/20180308190929_added_entity_Request.xml', TIMESTAMP '2018-03-16 21:08:46.215', 2, 'EXECUTED', '7:ff546511c0d3e93abe6dfc1a2eb49b9d', 'createTable tableName=request', '', NULL, '3.5.3', NULL, NULL, '1194926102');             
INSERT INTO PUBLIC.DATABASECHANGELOG(ID, AUTHOR, FILENAME, DATEEXECUTED, ORDEREXECUTED, EXECTYPE, MD5SUM, DESCRIPTION, COMMENTS, TAG, LIQUIBASE, CONTEXTS, LABELS, DEPLOYMENT_ID) VALUES('20180308190930-1', 'jhipster', 'classpath:config/liquibase/changelog/20180308190930_added_entity_RequestAttachment.xml', TIMESTAMP '2018-03-16 21:08:46.218', 3, 'EXECUTED', '7:bc57f5969a98d620611feebe1df42655', 'createTable tableName=request_attachment', '', NULL, '3.5.3', NULL, NULL, '1194926102');        
INSERT INTO PUBLIC.DATABASECHANGELOG(ID, AUTHOR, FILENAME, DATEEXECUTED, ORDEREXECUTED, EXECTYPE, MD5SUM, DESCRIPTION, COMMENTS, TAG, LIQUIBASE, CONTEXTS, LABELS, DEPLOYMENT_ID) VALUES('20180308190931-1', 'jhipster', 'classpath:config/liquibase/changelog/20180308190931_added_entity_DefinitionConfig.xml', TIMESTAMP '2018-03-16 21:08:46.22', 4, 'EXECUTED', '7:ca314345d703a2c01ecb2719577ac532', 'createTable tableName=definition_config', '', NULL, '3.5.3', NULL, NULL, '1194926102');           
INSERT INTO PUBLIC.DATABASECHANGELOG(ID, AUTHOR, FILENAME, DATEEXECUTED, ORDEREXECUTED, EXECTYPE, MD5SUM, DESCRIPTION, COMMENTS, TAG, LIQUIBASE, CONTEXTS, LABELS, DEPLOYMENT_ID) VALUES('20180308190932-1', 'jhipster', 'classpath:config/liquibase/changelog/20180308190932_added_entity_RequestTypeDefConfig.xml', TIMESTAMP '2018-03-16 21:08:46.225', 5, 'EXECUTED', '7:6bafbd75a6e840a4c16b3e3961bfe9c0', 'createTable tableName=request_type_def_config', '', NULL, '3.5.3', NULL, NULL, '1194926102');
INSERT INTO PUBLIC.DATABASECHANGELOG(ID, AUTHOR, FILENAME, DATEEXECUTED, ORDEREXECUTED, EXECTYPE, MD5SUM, DESCRIPTION, COMMENTS, TAG, LIQUIBASE, CONTEXTS, LABELS, DEPLOYMENT_ID) VALUES('20180308190933-1', 'jhipster', 'classpath:config/liquibase/changelog/20180308190933_added_entity_FieldDefinition.xml', TIMESTAMP '2018-03-16 21:08:46.228', 6, 'EXECUTED', '7:79b9279ead3ea07bc1ccbeeda65e9f33', 'createTable tableName=field_definition', '', NULL, '3.5.3', NULL, NULL, '1194926102');            
INSERT INTO PUBLIC.DATABASECHANGELOG(ID, AUTHOR, FILENAME, DATEEXECUTED, ORDEREXECUTED, EXECTYPE, MD5SUM, DESCRIPTION, COMMENTS, TAG, LIQUIBASE, CONTEXTS, LABELS, DEPLOYMENT_ID) VALUES('20180308190934-1', 'jhipster', 'classpath:config/liquibase/changelog/20180308190934_added_entity_ReuestDefinition.xml', TIMESTAMP '2018-03-16 21:08:46.231', 7, 'EXECUTED', '7:e787f46a1fc7b84bb5e9337149ed1656', 'createTable tableName=reuest_definition', '', NULL, '3.5.3', NULL, NULL, '1194926102');          
INSERT INTO PUBLIC.DATABASECHANGELOG(ID, AUTHOR, FILENAME, DATEEXECUTED, ORDEREXECUTED, EXECTYPE, MD5SUM, DESCRIPTION, COMMENTS, TAG, LIQUIBASE, CONTEXTS, LABELS, DEPLOYMENT_ID) VALUES('20180311065646-1', 'jhipster', 'classpath:config/liquibase/changelog/20180311065646_added_entity_FieldOptionDefinition.xml', TIMESTAMP '2018-03-16 21:08:46.233', 8, 'EXECUTED', '7:9a98b42b221e5b8032fd921f34d8880c', 'createTable tableName=field_option_definition', '', NULL, '3.5.3', NULL, NULL, '1194926102');               
INSERT INTO PUBLIC.DATABASECHANGELOG(ID, AUTHOR, FILENAME, DATEEXECUTED, ORDEREXECUTED, EXECTYPE, MD5SUM, DESCRIPTION, COMMENTS, TAG, LIQUIBASE, CONTEXTS, LABELS, DEPLOYMENT_ID) VALUES('20180308190930-2', 'jhipster', 'classpath:config/liquibase/changelog/20180308190930_added_entity_constraints_RequestAttachment.xml', TIMESTAMP '2018-03-16 21:08:46.237', 9, 'EXECUTED', '7:bedcf137055a4c3314ddbb0541520d4d', 'addForeignKeyConstraint baseTableName=request_attachment, constraintName=fk_request_attachment_requestid_id, referencedTableName=request', '', NULL, '3.5.3', NULL, NULL, '1194926102');            
INSERT INTO PUBLIC.DATABASECHANGELOG(ID, AUTHOR, FILENAME, DATEEXECUTED, ORDEREXECUTED, EXECTYPE, MD5SUM, DESCRIPTION, COMMENTS, TAG, LIQUIBASE, CONTEXTS, LABELS, DEPLOYMENT_ID) VALUES('20180308190932-2', 'jhipster', 'classpath:config/liquibase/changelog/20180308190932_added_entity_constraints_RequestTypeDefConfig.xml', TIMESTAMP '2018-03-16 21:08:46.24', 10, 'EXECUTED', '7:f3ff69a5ce860128fa9cce0531932e78', 'addForeignKeyConstraint baseTableName=request_type_def_config, constraintName=fk_request_type_def_config_definition_id, referencedTableName=definition_config', '', NULL, '3.5.3', NULL, NULL, '1194926102');    
INSERT INTO PUBLIC.DATABASECHANGELOG(ID, AUTHOR, FILENAME, DATEEXECUTED, ORDEREXECUTED, EXECTYPE, MD5SUM, DESCRIPTION, COMMENTS, TAG, LIQUIBASE, CONTEXTS, LABELS, DEPLOYMENT_ID) VALUES('20180308190933-2', 'jhipster', 'classpath:config/liquibase/changelog/20180308190933_added_entity_constraints_FieldDefinition.xml', TIMESTAMP '2018-03-16 21:08:46.244', 11, 'EXECUTED', '7:f94ea39df7d2bb2a485d20ad6bca97b6', 'addForeignKeyConstraint baseTableName=field_definition, constraintName=fk_field_definition_definition_id, referencedTableName=definition_config', '', NULL, '3.5.3', NULL, NULL, '1194926102');      
INSERT INTO PUBLIC.DATABASECHANGELOG(ID, AUTHOR, FILENAME, DATEEXECUTED, ORDEREXECUTED, EXECTYPE, MD5SUM, DESCRIPTION, COMMENTS, TAG, LIQUIBASE, CONTEXTS, LABELS, DEPLOYMENT_ID) VALUES('20180308190934-2', 'jhipster', 'classpath:config/liquibase/changelog/20180308190934_added_entity_constraints_ReuestDefinition.xml', TIMESTAMP '2018-03-16 21:08:46.25', 12, 'EXECUTED', '7:a0eff3f08799d44e32ae071182f3bc67', 'addForeignKeyConstraint baseTableName=reuest_definition, constraintName=fk_reuest_definition_request_id, referencedTableName=request; addForeignKeyConstraint baseTableName=reuest_definition, constraintName=fk_reuest_definition_field_definition_id,...', '', NULL, '3.5.3', NULL, NULL, '1194926102');           
INSERT INTO PUBLIC.DATABASECHANGELOG(ID, AUTHOR, FILENAME, DATEEXECUTED, ORDEREXECUTED, EXECTYPE, MD5SUM, DESCRIPTION, COMMENTS, TAG, LIQUIBASE, CONTEXTS, LABELS, DEPLOYMENT_ID) VALUES('20180311065646-2', 'jhipster', 'classpath:config/liquibase/changelog/20180311065646_added_entity_constraints_FieldOptionDefinition.xml', TIMESTAMP '2018-03-16 21:08:46.254', 13, 'EXECUTED', '7:4e674fcfb9c42b94b3efe50f9625ebce', 'addForeignKeyConstraint baseTableName=field_option_definition, constraintName=fk_field_option_definition_field_definition_id, referencedTableName=field_definition', '', NULL, '3.5.3', NULL, NULL, '1194926102');             
INSERT INTO PUBLIC.DATABASECHANGELOG(ID, AUTHOR, FILENAME, DATEEXECUTED, ORDEREXECUTED, EXECTYPE, MD5SUM, DESCRIPTION, COMMENTS, TAG, LIQUIBASE, CONTEXTS, LABELS, DEPLOYMENT_ID) VALUES('20180311071633-1', 'jhipster', 'classpath:config/liquibase/changelog/20180311071633_added_entity_FieldChoiceDefinition.xml', TIMESTAMP '2018-03-16 21:08:46.257', 14, 'EXECUTED', '7:ff9518cac0d6fe8afd344b2684d565fd', 'createTable tableName=field_choice_definition', '', NULL, '3.5.3', NULL, NULL, '1194926102');              
INSERT INTO PUBLIC.DATABASECHANGELOG(ID, AUTHOR, FILENAME, DATEEXECUTED, ORDEREXECUTED, EXECTYPE, MD5SUM, DESCRIPTION, COMMENTS, TAG, LIQUIBASE, CONTEXTS, LABELS, DEPLOYMENT_ID) VALUES('20180311071633-2', 'jhipster', 'classpath:config/liquibase/changelog/20180311071633_added_entity_constraints_FieldChoiceDefinition.xml', TIMESTAMP '2018-03-16 21:08:46.26', 15, 'EXECUTED', '7:4fae539ef1208b439dc2e6144d5c5b33', 'addForeignKeyConstraint baseTableName=field_choice_definition, constraintName=fk_field_choice_definition_field_definition_id, referencedTableName=field_definition', '', NULL, '3.5.3', NULL, NULL, '1194926102');              
INSERT INTO PUBLIC.DATABASECHANGELOG(ID, AUTHOR, FILENAME, DATEEXECUTED, ORDEREXECUTED, EXECTYPE, MD5SUM, DESCRIPTION, COMMENTS, TAG, LIQUIBASE, CONTEXTS, LABELS, DEPLOYMENT_ID) VALUES('20180324115432-1', 'jhipster', 'classpath:config/liquibase/changelog/20180324115432_added_entity_RefCodeDetails.xml', TIMESTAMP '2018-03-24 18:45:22.097', 16, 'EXECUTED', '7:685465e36adfbd2f9a976c272974c5b3', 'createTable tableName=ref_code_details', '', NULL, '3.5.3', NULL, NULL, '1897321981');            
INSERT INTO PUBLIC.DATABASECHANGELOG(ID, AUTHOR, FILENAME, DATEEXECUTED, ORDEREXECUTED, EXECTYPE, MD5SUM, DESCRIPTION, COMMENTS, TAG, LIQUIBASE, CONTEXTS, LABELS, DEPLOYMENT_ID) VALUES('20180325151249-1', 'jhipster', 'classpath:config/liquibase/changelog/20180325151249_added_entity_AttachmentType.xml', TIMESTAMP '2018-03-25 20:49:36.28', 17, 'EXECUTED', '7:c9068e0eed131b1ec081ca8205357f5e', 'createTable tableName=attachment_type', '', NULL, '3.5.3', NULL, NULL, '1991176146');              
INSERT INTO PUBLIC.DATABASECHANGELOG(ID, AUTHOR, FILENAME, DATEEXECUTED, ORDEREXECUTED, EXECTYPE, MD5SUM, DESCRIPTION, COMMENTS, TAG, LIQUIBASE, CONTEXTS, LABELS, DEPLOYMENT_ID) VALUES('20180325151249-2', 'jhipster', 'classpath:config/liquibase/changelog/20180325151249_added_entity_constraints_AttachmentType.xml', TIMESTAMP '2018-03-25 20:49:36.323', 18, 'EXECUTED', '7:47a45461437ae008ea0bfee059a74dd0', 'addForeignKeyConstraint baseTableName=attachment_type, constraintName=fk_attachment_type_request_type_def_config_id, referencedTableName=request_type_def_config', '', NULL, '3.5.3', NULL, NULL, '1991176146');      
INSERT INTO PUBLIC.DATABASECHANGELOG(ID, AUTHOR, FILENAME, DATEEXECUTED, ORDEREXECUTED, EXECTYPE, MD5SUM, DESCRIPTION, COMMENTS, TAG, LIQUIBASE, CONTEXTS, LABELS, DEPLOYMENT_ID) VALUES('20180325153732-1', 'jhipster', 'classpath:config/liquibase/changelog/20180325153732_added_entity_PeopleRole.xml', TIMESTAMP '2018-03-26 22:30:09.946', 20, 'EXECUTED', '7:69d67f0d67385de236cf68c67fea4f9f', 'createTable tableName=people_role', '', NULL, '3.5.3', NULL, NULL, '2083609361');     
INSERT INTO PUBLIC.DATABASECHANGELOG(ID, AUTHOR, FILENAME, DATEEXECUTED, ORDEREXECUTED, EXECTYPE, MD5SUM, DESCRIPTION, COMMENTS, TAG, LIQUIBASE, CONTEXTS, LABELS, DEPLOYMENT_ID) VALUES('20180325153950-1', 'jhipster', 'classpath:config/liquibase/changelog/20180325153950_added_entity_PeopleRoleUserMapping.xml', TIMESTAMP '2018-03-26 22:30:09.952', 21, 'EXECUTED', '7:2ac8576d29873cc8df218b4495f7ef84', 'createTable tableName=people_role_user_mapping', '', NULL, '3.5.3', NULL, NULL, '2083609361');             
INSERT INTO PUBLIC.DATABASECHANGELOG(ID, AUTHOR, FILENAME, DATEEXECUTED, ORDEREXECUTED, EXECTYPE, MD5SUM, DESCRIPTION, COMMENTS, TAG, LIQUIBASE, CONTEXTS, LABELS, DEPLOYMENT_ID) VALUES('20180325153336-2', 'jhipster', 'classpath:config/liquibase/changelog/20180325153336_added_entity_constraints_TaskStructureConfig.xml', TIMESTAMP '2018-03-26 22:30:10.009', 22, 'EXECUTED', '7:092d246c70dc8f772ee89b2502caec7f', 'addForeignKeyConstraint baseTableName=task_structure_config, constraintName=fk_task_structure_config_request_type_def_config_id, referencedTableName=request_type_def_config', '', NULL, '3.5.3', NULL, NULL, '2083609361');     
INSERT INTO PUBLIC.DATABASECHANGELOG(ID, AUTHOR, FILENAME, DATEEXECUTED, ORDEREXECUTED, EXECTYPE, MD5SUM, DESCRIPTION, COMMENTS, TAG, LIQUIBASE, CONTEXTS, LABELS, DEPLOYMENT_ID) VALUES('20180325153732-2', 'jhipster', 'classpath:config/liquibase/changelog/20180325153732_added_entity_constraints_PeopleRole.xml', TIMESTAMP '2018-03-26 22:30:10.015', 23, 'EXECUTED', '7:03dd7883b77e6b7d6c8d91052dd8ca14', 'addForeignKeyConstraint baseTableName=people_role, constraintName=fk_people_role_request_type_def_config_id, referencedTableName=request_type_def_config', '', NULL, '3.5.3', NULL, NULL, '2083609361');  
INSERT INTO PUBLIC.DATABASECHANGELOG(ID, AUTHOR, FILENAME, DATEEXECUTED, ORDEREXECUTED, EXECTYPE, MD5SUM, DESCRIPTION, COMMENTS, TAG, LIQUIBASE, CONTEXTS, LABELS, DEPLOYMENT_ID) VALUES('20180325153950-2', 'jhipster', 'classpath:config/liquibase/changelog/20180325153950_added_entity_constraints_PeopleRoleUserMapping.xml', TIMESTAMP '2018-03-26 22:30:10.025', 24, 'EXECUTED', '7:743049d4c114b00a3131e5a8eeaa7cf6', 'addForeignKeyConstraint baseTableName=people_role_user_mapping, constraintName=fk_people_role_user_mapping_request_type_def_config_id, referencedTableName=request_type_def_config; addForeignKeyConstraint baseTableName=people_role_user_mapping, con...', '', NULL, '3.5.3', NULL, NULL, '2083609361');     
INSERT INTO PUBLIC.DATABASECHANGELOG(ID, AUTHOR, FILENAME, DATEEXECUTED, ORDEREXECUTED, EXECTYPE, MD5SUM, DESCRIPTION, COMMENTS, TAG, LIQUIBASE, CONTEXTS, LABELS, DEPLOYMENT_ID) VALUES('20180328172908-1', 'jhipster', 'classpath:config/liquibase/changelog/20180328172908_added_entity_TaskQuestionInstance.xml', TIMESTAMP '2018-03-28 23:49:39.635', 25, 'EXECUTED', '7:e5eb1f1990124c48fb626a080b00d236', 'createTable tableName=task_question_instance', '', NULL, '3.5.3', NULL, NULL, '2261178925');
INSERT INTO PUBLIC.DATABASECHANGELOG(ID, AUTHOR, FILENAME, DATEEXECUTED, ORDEREXECUTED, EXECTYPE, MD5SUM, DESCRIPTION, COMMENTS, TAG, LIQUIBASE, CONTEXTS, LABELS, DEPLOYMENT_ID) VALUES('20180328172908-2', 'jhipster', 'classpath:config/liquibase/changelog/20180328172908_added_entity_constraints_TaskQuestionInstance.xml', TIMESTAMP '2018-03-28 23:49:39.659', 26, 'EXECUTED', '7:296ed049c727a35a9ad65181eed14811', 'addForeignKeyConstraint baseTableName=task_question_instance, constraintName=fk_task_question_instance_request_id, referencedTableName=request', '', NULL, '3.5.3', NULL, NULL, '2261178925');  
INSERT INTO PUBLIC.DATABASECHANGELOG(ID, AUTHOR, FILENAME, DATEEXECUTED, ORDEREXECUTED, EXECTYPE, MD5SUM, DESCRIPTION, COMMENTS, TAG, LIQUIBASE, CONTEXTS, LABELS, DEPLOYMENT_ID) VALUES('20180325153336-1', 'jhipster', 'classpath:config/liquibase/changelog/20180325153336_added_entity_TaskStructureConfig.xml', TIMESTAMP '2018-03-26 22:30:09.921', 19, 'EXECUTED', '7:32d6d3db13798a2bc17d017df46ec748', 'createTable tableName=task_structure_config', '', NULL, '3.5.3', NULL, NULL, '2083609361');  
CREATE CACHED TABLE PUBLIC.JHI_USER(
    ID BIGINT DEFAULT (NEXT VALUE FOR PUBLIC.SYSTEM_SEQUENCE_25596689_3DBF_4E7C_95BB_97FF7493F603) NOT NULL NULL_TO_DEFAULT SEQUENCE PUBLIC.SYSTEM_SEQUENCE_25596689_3DBF_4E7C_95BB_97FF7493F603,
    LOGIN VARCHAR(50) NOT NULL,
    PASSWORD_HASH VARCHAR(60),
    FIRST_NAME VARCHAR(50),
    LAST_NAME VARCHAR(50),
    EMAIL VARCHAR(100),
    IMAGE_URL VARCHAR(256),
    ACTIVATED BOOLEAN NOT NULL,
    LANG_KEY VARCHAR(5),
    ACTIVATION_KEY VARCHAR(20),
    RESET_KEY VARCHAR(20),
    CREATED_BY VARCHAR(50) NOT NULL,
    CREATED_DATE TIMESTAMP DEFAULT NULL NOT NULL,
    RESET_DATE TIMESTAMP,
    LAST_MODIFIED_BY VARCHAR(50),
    LAST_MODIFIED_DATE TIMESTAMP
);  
ALTER TABLE PUBLIC.JHI_USER ADD CONSTRAINT PUBLIC.PK_JHI_USER PRIMARY KEY(ID);
-- 6 +/- SELECT COUNT(*) FROM PUBLIC.JHI_USER;
INSERT INTO PUBLIC.JHI_USER(ID, LOGIN, PASSWORD_HASH, FIRST_NAME, LAST_NAME, EMAIL, IMAGE_URL, ACTIVATED, LANG_KEY, ACTIVATION_KEY, RESET_KEY, CREATED_BY, CREATED_DATE, RESET_DATE, LAST_MODIFIED_BY, LAST_MODIFIED_DATE) VALUES(1, 'system', '$2a$10$mE.qmcV0mFU5NcKh73TZx.z4ueI/.bDWbj0T1BYyqP481kGGarKLG', 'System', 'System', 'system@localhost', '', TRUE, 'en', NULL, NULL, 'system', TIMESTAMP '2018-03-16 21:08:46.183', NULL, 'system', NULL);      
INSERT INTO PUBLIC.JHI_USER(ID, LOGIN, PASSWORD_HASH, FIRST_NAME, LAST_NAME, EMAIL, IMAGE_URL, ACTIVATED, LANG_KEY, ACTIVATION_KEY, RESET_KEY, CREATED_BY, CREATED_DATE, RESET_DATE, LAST_MODIFIED_BY, LAST_MODIFIED_DATE) VALUES(2, 'anonymoususer', '$2a$10$j8S5d7Sr7.8VTOYNviDPOeWX8KcYILUVJBsYV83Y5NtECayypx9lO', 'Anonymous', 'User', 'anonymous@localhost', '', TRUE, 'en', NULL, NULL, 'system', TIMESTAMP '2018-03-16 21:08:46.183', NULL, 'system', NULL);           
INSERT INTO PUBLIC.JHI_USER(ID, LOGIN, PASSWORD_HASH, FIRST_NAME, LAST_NAME, EMAIL, IMAGE_URL, ACTIVATED, LANG_KEY, ACTIVATION_KEY, RESET_KEY, CREATED_BY, CREATED_DATE, RESET_DATE, LAST_MODIFIED_BY, LAST_MODIFIED_DATE) VALUES(3, 'admin', '$2a$10$gSAhZrxMllrbgj/kkK9UceBPpChGWJA7SYIb1Mqo.n5aNLq1/oRrC', 'Administrator', 'Administrator', 'admin@localhost', '', TRUE, 'en', NULL, NULL, 'system', TIMESTAMP '2018-03-16 21:08:46.183', NULL, 'system', NULL);          
INSERT INTO PUBLIC.JHI_USER(ID, LOGIN, PASSWORD_HASH, FIRST_NAME, LAST_NAME, EMAIL, IMAGE_URL, ACTIVATED, LANG_KEY, ACTIVATION_KEY, RESET_KEY, CREATED_BY, CREATED_DATE, RESET_DATE, LAST_MODIFIED_BY, LAST_MODIFIED_DATE) VALUES(4, 'user', '$2a$10$VEjxo0jq2YG9Rbk2HmX9S.k1uZBGYUHdUcid3g/vfiEl7lwWgOH/K', 'User', 'User', 'user@localhost', '', TRUE, 'en', NULL, NULL, 'system', TIMESTAMP '2018-03-16 21:08:46.183', NULL, 'system', NULL);              
INSERT INTO PUBLIC.JHI_USER(ID, LOGIN, PASSWORD_HASH, FIRST_NAME, LAST_NAME, EMAIL, IMAGE_URL, ACTIVATED, LANG_KEY, ACTIVATION_KEY, RESET_KEY, CREATED_BY, CREATED_DATE, RESET_DATE, LAST_MODIFIED_BY, LAST_MODIFIED_DATE) VALUES(5, 'reviewer', '$2a$10$gSAhZrxMllrbgj/kkK9UceBPpChGWJA7SYIb1Mqo.n5aNLq1/oRrC', 'revierwer', 'k', 'k@k.sdfk', NULL, TRUE, 'en', NULL, '90312251543957698938', 'admin', TIMESTAMP '2018-04-01 16:18:57.763', TIMESTAMP '2018-04-01 16:18:57.635', 'admin', TIMESTAMP '2018-04-01 16:18:57.763');              
INSERT INTO PUBLIC.JHI_USER(ID, LOGIN, PASSWORD_HASH, FIRST_NAME, LAST_NAME, EMAIL, IMAGE_URL, ACTIVATED, LANG_KEY, ACTIVATION_KEY, RESET_KEY, CREATED_BY, CREATED_DATE, RESET_DATE, LAST_MODIFIED_BY, LAST_MODIFIED_DATE) VALUES(6, 'approver1', '$2a$10$gSAhZrxMllrbgj/kkK9UceBPpChGWJA7SYIb1Mqo.n5aNLq1/oRrC', 'approver', '1', 'rat@sdf.sdf', NULL, TRUE, 'en', NULL, '', 'admin', TIMESTAMP '2018-04-01 16:18:57.763', TIMESTAMP '2018-04-01 16:18:57.763', 'admin', TIMESTAMP '2018-04-01 16:18:57.763');               
CREATE UNIQUE INDEX PUBLIC.IDX_USER_LOGIN ON PUBLIC.JHI_USER(LOGIN);          
CREATE UNIQUE INDEX PUBLIC.IDX_USER_EMAIL ON PUBLIC.JHI_USER(EMAIL);          
CREATE CACHED TABLE PUBLIC.JHI_AUTHORITY(
    NAME VARCHAR(50) NOT NULL
);  
ALTER TABLE PUBLIC.JHI_AUTHORITY ADD CONSTRAINT PUBLIC.PK_JHI_AUTHORITY PRIMARY KEY(NAME);    
-- 2 +/- SELECT COUNT(*) FROM PUBLIC.JHI_AUTHORITY;           
INSERT INTO PUBLIC.JHI_AUTHORITY(NAME) VALUES('ROLE_ADMIN');  
INSERT INTO PUBLIC.JHI_AUTHORITY(NAME) VALUES('ROLE_USER');   
CREATE CACHED TABLE PUBLIC.JHI_USER_AUTHORITY(
    USER_ID BIGINT NOT NULL,
    AUTHORITY_NAME VARCHAR(50) NOT NULL
);     
ALTER TABLE PUBLIC.JHI_USER_AUTHORITY ADD CONSTRAINT PUBLIC.CONSTRAINT_E PRIMARY KEY(USER_ID, AUTHORITY_NAME);
-- 9 +/- SELECT COUNT(*) FROM PUBLIC.JHI_USER_AUTHORITY;      
INSERT INTO PUBLIC.JHI_USER_AUTHORITY(USER_ID, AUTHORITY_NAME) VALUES(1, 'ROLE_ADMIN');       
INSERT INTO PUBLIC.JHI_USER_AUTHORITY(USER_ID, AUTHORITY_NAME) VALUES(1, 'ROLE_USER');        
INSERT INTO PUBLIC.JHI_USER_AUTHORITY(USER_ID, AUTHORITY_NAME) VALUES(3, 'ROLE_ADMIN');       
INSERT INTO PUBLIC.JHI_USER_AUTHORITY(USER_ID, AUTHORITY_NAME) VALUES(3, 'ROLE_USER');        
INSERT INTO PUBLIC.JHI_USER_AUTHORITY(USER_ID, AUTHORITY_NAME) VALUES(4, 'ROLE_USER');        
INSERT INTO PUBLIC.JHI_USER_AUTHORITY(USER_ID, AUTHORITY_NAME) VALUES(5, 'ROLE_USER');        
INSERT INTO PUBLIC.JHI_USER_AUTHORITY(USER_ID, AUTHORITY_NAME) VALUES(5, 'ROLE_ADMIN');       
INSERT INTO PUBLIC.JHI_USER_AUTHORITY(USER_ID, AUTHORITY_NAME) VALUES(6, 'ROLE_USER');        
INSERT INTO PUBLIC.JHI_USER_AUTHORITY(USER_ID, AUTHORITY_NAME) VALUES(6, 'ROLE_ADMIN');       
CREATE CACHED TABLE PUBLIC.JHI_PERSISTENT_AUDIT_EVENT(
    EVENT_ID BIGINT DEFAULT (NEXT VALUE FOR PUBLIC.SYSTEM_SEQUENCE_D6BE42FE_206C_4A46_970F_CDBA1C387DB3) NOT NULL NULL_TO_DEFAULT SEQUENCE PUBLIC.SYSTEM_SEQUENCE_D6BE42FE_206C_4A46_970F_CDBA1C387DB3,
    PRINCIPAL VARCHAR(50) NOT NULL,
    EVENT_DATE TIMESTAMP,
    EVENT_TYPE VARCHAR(255)
);              
ALTER TABLE PUBLIC.JHI_PERSISTENT_AUDIT_EVENT ADD CONSTRAINT PUBLIC.PK_JHI_PERSISTENT_AUDIT_EVENT PRIMARY KEY(EVENT_ID);      
-- 89 +/- SELECT COUNT(*) FROM PUBLIC.JHI_PERSISTENT_AUDIT_EVENT;             
INSERT INTO PUBLIC.JHI_PERSISTENT_AUDIT_EVENT(EVENT_ID, PRINCIPAL, EVENT_DATE, EVENT_TYPE) VALUES(1, 'admin', TIMESTAMP '2018-03-16 22:14:01.325', 'AUTHENTICATION_SUCCESS'); 
INSERT INTO PUBLIC.JHI_PERSISTENT_AUDIT_EVENT(EVENT_ID, PRINCIPAL, EVENT_DATE, EVENT_TYPE) VALUES(2, 'admin', TIMESTAMP '2018-03-16 22:25:42.408', 'AUTHENTICATION_SUCCESS'); 
INSERT INTO PUBLIC.JHI_PERSISTENT_AUDIT_EVENT(EVENT_ID, PRINCIPAL, EVENT_DATE, EVENT_TYPE) VALUES(3, 'admin', TIMESTAMP '2018-03-16 22:34:20.452', 'AUTHENTICATION_SUCCESS'); 
INSERT INTO PUBLIC.JHI_PERSISTENT_AUDIT_EVENT(EVENT_ID, PRINCIPAL, EVENT_DATE, EVENT_TYPE) VALUES(4, 'admin', TIMESTAMP '2018-03-16 23:18:47.908', 'AUTHENTICATION_SUCCESS'); 
INSERT INTO PUBLIC.JHI_PERSISTENT_AUDIT_EVENT(EVENT_ID, PRINCIPAL, EVENT_DATE, EVENT_TYPE) VALUES(5, 'admin', TIMESTAMP '2018-03-16 23:33:01.253', 'AUTHENTICATION_SUCCESS'); 
INSERT INTO PUBLIC.JHI_PERSISTENT_AUDIT_EVENT(EVENT_ID, PRINCIPAL, EVENT_DATE, EVENT_TYPE) VALUES(6, 'admin', TIMESTAMP '2018-03-16 23:36:03.903', 'AUTHENTICATION_SUCCESS'); 
INSERT INTO PUBLIC.JHI_PERSISTENT_AUDIT_EVENT(EVENT_ID, PRINCIPAL, EVENT_DATE, EVENT_TYPE) VALUES(7, 'admin', TIMESTAMP '2018-03-17 12:16:45.719', 'AUTHENTICATION_SUCCESS'); 
INSERT INTO PUBLIC.JHI_PERSISTENT_AUDIT_EVENT(EVENT_ID, PRINCIPAL, EVENT_DATE, EVENT_TYPE) VALUES(8, 'admin', TIMESTAMP '2018-03-17 23:23:49.402', 'AUTHENTICATION_SUCCESS'); 
INSERT INTO PUBLIC.JHI_PERSISTENT_AUDIT_EVENT(EVENT_ID, PRINCIPAL, EVENT_DATE, EVENT_TYPE) VALUES(9, 'admin', TIMESTAMP '2018-03-17 23:32:22.026', 'AUTHENTICATION_SUCCESS'); 
INSERT INTO PUBLIC.JHI_PERSISTENT_AUDIT_EVENT(EVENT_ID, PRINCIPAL, EVENT_DATE, EVENT_TYPE) VALUES(10, 'admin', TIMESTAMP '2018-03-18 00:00:14.488', 'AUTHENTICATION_SUCCESS');
INSERT INTO PUBLIC.JHI_PERSISTENT_AUDIT_EVENT(EVENT_ID, PRINCIPAL, EVENT_DATE, EVENT_TYPE) VALUES(11, 'admin', TIMESTAMP '2018-03-19 14:05:21.245', 'AUTHENTICATION_SUCCESS');
INSERT INTO PUBLIC.JHI_PERSISTENT_AUDIT_EVENT(EVENT_ID, PRINCIPAL, EVENT_DATE, EVENT_TYPE) VALUES(43, 'admin', TIMESTAMP '2018-03-19 09:36:13.337', 'AUTHENTICATION_SUCCESS');
INSERT INTO PUBLIC.JHI_PERSISTENT_AUDIT_EVENT(EVENT_ID, PRINCIPAL, EVENT_DATE, EVENT_TYPE) VALUES(75, 'admin', TIMESTAMP '2018-03-24 17:15:32.455', 'AUTHENTICATION_SUCCESS');
INSERT INTO PUBLIC.JHI_PERSISTENT_AUDIT_EVENT(EVENT_ID, PRINCIPAL, EVENT_DATE, EVENT_TYPE) VALUES(107, 'admin', TIMESTAMP '2018-03-24 18:51:41.012', 'AUTHENTICATION_SUCCESS');               
INSERT INTO PUBLIC.JHI_PERSISTENT_AUDIT_EVENT(EVENT_ID, PRINCIPAL, EVENT_DATE, EVENT_TYPE) VALUES(139, 'admin', TIMESTAMP '2018-03-25 10:04:09.331', 'AUTHENTICATION_SUCCESS');               
INSERT INTO PUBLIC.JHI_PERSISTENT_AUDIT_EVENT(EVENT_ID, PRINCIPAL, EVENT_DATE, EVENT_TYPE) VALUES(171, 'admin', TIMESTAMP '2018-03-26 22:30:51.919', 'AUTHENTICATION_SUCCESS');               
INSERT INTO PUBLIC.JHI_PERSISTENT_AUDIT_EVENT(EVENT_ID, PRINCIPAL, EVENT_DATE, EVENT_TYPE) VALUES(172, 'admin', TIMESTAMP '2018-03-26 22:48:49.887', 'AUTHENTICATION_SUCCESS');               
INSERT INTO PUBLIC.JHI_PERSISTENT_AUDIT_EVENT(EVENT_ID, PRINCIPAL, EVENT_DATE, EVENT_TYPE) VALUES(203, 'admin', TIMESTAMP '2018-03-26 23:41:49.499', 'AUTHENTICATION_SUCCESS');               
INSERT INTO PUBLIC.JHI_PERSISTENT_AUDIT_EVENT(EVENT_ID, PRINCIPAL, EVENT_DATE, EVENT_TYPE) VALUES(235, 'admin', TIMESTAMP '2018-03-28 23:51:29.245', 'AUTHENTICATION_SUCCESS');               
INSERT INTO PUBLIC.JHI_PERSISTENT_AUDIT_EVENT(EVENT_ID, PRINCIPAL, EVENT_DATE, EVENT_TYPE) VALUES(267, 'admin', TIMESTAMP '2018-03-29 22:48:06.702', 'AUTHENTICATION_SUCCESS');               
INSERT INTO PUBLIC.JHI_PERSISTENT_AUDIT_EVENT(EVENT_ID, PRINCIPAL, EVENT_DATE, EVENT_TYPE) VALUES(299, 'admin', TIMESTAMP '2018-04-01 16:00:48.389', 'AUTHENTICATION_SUCCESS');               
INSERT INTO PUBLIC.JHI_PERSISTENT_AUDIT_EVENT(EVENT_ID, PRINCIPAL, EVENT_DATE, EVENT_TYPE) VALUES(300, 'admin', TIMESTAMP '2018-04-01 16:18:19.543', 'AUTHENTICATION_SUCCESS');               
INSERT INTO PUBLIC.JHI_PERSISTENT_AUDIT_EVENT(EVENT_ID, PRINCIPAL, EVENT_DATE, EVENT_TYPE) VALUES(301, 'admin', TIMESTAMP '2018-04-01 16:20:21.944', 'AUTHENTICATION_SUCCESS');               
INSERT INTO PUBLIC.JHI_PERSISTENT_AUDIT_EVENT(EVENT_ID, PRINCIPAL, EVENT_DATE, EVENT_TYPE) VALUES(331, 'reviewer', TIMESTAMP '2018-04-01 17:50:40.072', 'AUTHENTICATION_SUCCESS');            
INSERT INTO PUBLIC.JHI_PERSISTENT_AUDIT_EVENT(EVENT_ID, PRINCIPAL, EVENT_DATE, EVENT_TYPE) VALUES(363, 'reviewer', TIMESTAMP '2018-04-01 20:46:54.142', 'AUTHENTICATION_SUCCESS');            
INSERT INTO PUBLIC.JHI_PERSISTENT_AUDIT_EVENT(EVENT_ID, PRINCIPAL, EVENT_DATE, EVENT_TYPE) VALUES(364, 'reviewer', TIMESTAMP '2018-04-01 22:26:52.203', 'AUTHENTICATION_SUCCESS');            
INSERT INTO PUBLIC.JHI_PERSISTENT_AUDIT_EVENT(EVENT_ID, PRINCIPAL, EVENT_DATE, EVENT_TYPE) VALUES(395, 'reviewer', TIMESTAMP '2018-04-06 22:55:56.366', 'AUTHENTICATION_SUCCESS');            
INSERT INTO PUBLIC.JHI_PERSISTENT_AUDIT_EVENT(EVENT_ID, PRINCIPAL, EVENT_DATE, EVENT_TYPE) VALUES(427, 'reviewer', TIMESTAMP '2018-04-07 13:17:26.805', 'AUTHENTICATION_SUCCESS');            
INSERT INTO PUBLIC.JHI_PERSISTENT_AUDIT_EVENT(EVENT_ID, PRINCIPAL, EVENT_DATE, EVENT_TYPE) VALUES(459, 'reviewer', TIMESTAMP '2018-04-15 19:50:23.946', 'AUTHENTICATION_SUCCESS');            
INSERT INTO PUBLIC.JHI_PERSISTENT_AUDIT_EVENT(EVENT_ID, PRINCIPAL, EVENT_DATE, EVENT_TYPE) VALUES(491, 'reviewer', TIMESTAMP '2018-05-01 13:27:53.165', 'AUTHENTICATION_SUCCESS');            
INSERT INTO PUBLIC.JHI_PERSISTENT_AUDIT_EVENT(EVENT_ID, PRINCIPAL, EVENT_DATE, EVENT_TYPE) VALUES(523, 'admin', TIMESTAMP '2018-05-03 22:55:42.416', 'AUTHENTICATION_SUCCESS');               
INSERT INTO PUBLIC.JHI_PERSISTENT_AUDIT_EVENT(EVENT_ID, PRINCIPAL, EVENT_DATE, EVENT_TYPE) VALUES(524, 'reviewer', TIMESTAMP '2018-05-03 23:02:04.443', 'AUTHENTICATION_SUCCESS');            
INSERT INTO PUBLIC.JHI_PERSISTENT_AUDIT_EVENT(EVENT_ID, PRINCIPAL, EVENT_DATE, EVENT_TYPE) VALUES(525, 'admin', TIMESTAMP '2018-05-03 23:15:03.839', 'AUTHENTICATION_SUCCESS');               
INSERT INTO PUBLIC.JHI_PERSISTENT_AUDIT_EVENT(EVENT_ID, PRINCIPAL, EVENT_DATE, EVENT_TYPE) VALUES(526, 'reviewer', TIMESTAMP '2018-05-03 23:21:33.309', 'AUTHENTICATION_SUCCESS');            
INSERT INTO PUBLIC.JHI_PERSISTENT_AUDIT_EVENT(EVENT_ID, PRINCIPAL, EVENT_DATE, EVENT_TYPE) VALUES(555, 'approver1', TIMESTAMP '2018-05-04 00:22:56.046', 'AUTHENTICATION_FAILURE');           
INSERT INTO PUBLIC.JHI_PERSISTENT_AUDIT_EVENT(EVENT_ID, PRINCIPAL, EVENT_DATE, EVENT_TYPE) VALUES(556, 'approver1', TIMESTAMP '2018-05-04 00:24:35.374', 'AUTHENTICATION_SUCCESS');           
INSERT INTO PUBLIC.JHI_PERSISTENT_AUDIT_EVENT(EVENT_ID, PRINCIPAL, EVENT_DATE, EVENT_TYPE) VALUES(587, 'approver1', TIMESTAMP '2018-05-04 00:34:40.264', 'AUTHENTICATION_SUCCESS');           
INSERT INTO PUBLIC.JHI_PERSISTENT_AUDIT_EVENT(EVENT_ID, PRINCIPAL, EVENT_DATE, EVENT_TYPE) VALUES(619, 'approver1', TIMESTAMP '2018-05-04 23:12:02.17', 'AUTHENTICATION_SUCCESS');            
INSERT INTO PUBLIC.JHI_PERSISTENT_AUDIT_EVENT(EVENT_ID, PRINCIPAL, EVENT_DATE, EVENT_TYPE) VALUES(620, 'admin', TIMESTAMP '2018-05-04 23:18:06.788', 'AUTHENTICATION_SUCCESS');               
INSERT INTO PUBLIC.JHI_PERSISTENT_AUDIT_EVENT(EVENT_ID, PRINCIPAL, EVENT_DATE, EVENT_TYPE) VALUES(621, 'reviewer', TIMESTAMP '2018-05-04 23:19:34.91', 'AUTHENTICATION_SUCCESS');             
INSERT INTO PUBLIC.JHI_PERSISTENT_AUDIT_EVENT(EVENT_ID, PRINCIPAL, EVENT_DATE, EVENT_TYPE) VALUES(622, 'approver1', TIMESTAMP '2018-05-04 23:20:42.053', 'AUTHENTICATION_SUCCESS');           
INSERT INTO PUBLIC.JHI_PERSISTENT_AUDIT_EVENT(EVENT_ID, PRINCIPAL, EVENT_DATE, EVENT_TYPE) VALUES(651, 'admin', TIMESTAMP '2018-05-06 15:05:06.49', 'AUTHENTICATION_SUCCESS');
INSERT INTO PUBLIC.JHI_PERSISTENT_AUDIT_EVENT(EVENT_ID, PRINCIPAL, EVENT_DATE, EVENT_TYPE) VALUES(652, 'reviewer', TIMESTAMP '2018-05-06 15:05:39.763', 'AUTHENTICATION_SUCCESS');            
INSERT INTO PUBLIC.JHI_PERSISTENT_AUDIT_EVENT(EVENT_ID, PRINCIPAL, EVENT_DATE, EVENT_TYPE) VALUES(653, 'approver1', TIMESTAMP '2018-05-06 15:18:50.775', 'AUTHENTICATION_SUCCESS');           
INSERT INTO PUBLIC.JHI_PERSISTENT_AUDIT_EVENT(EVENT_ID, PRINCIPAL, EVENT_DATE, EVENT_TYPE) VALUES(683, 'admin', TIMESTAMP '2018-05-16 21:49:51.609', 'AUTHENTICATION_SUCCESS');               
INSERT INTO PUBLIC.JHI_PERSISTENT_AUDIT_EVENT(EVENT_ID, PRINCIPAL, EVENT_DATE, EVENT_TYPE) VALUES(684, 'reviewer', TIMESTAMP '2018-05-16 21:51:03.035', 'AUTHENTICATION_SUCCESS');            
INSERT INTO PUBLIC.JHI_PERSISTENT_AUDIT_EVENT(EVENT_ID, PRINCIPAL, EVENT_DATE, EVENT_TYPE) VALUES(685, 'admin', TIMESTAMP '2018-05-16 21:51:51.793', 'AUTHENTICATION_SUCCESS');               
INSERT INTO PUBLIC.JHI_PERSISTENT_AUDIT_EVENT(EVENT_ID, PRINCIPAL, EVENT_DATE, EVENT_TYPE) VALUES(715, 'admin', TIMESTAMP '2018-05-17 23:09:22.869', 'AUTHENTICATION_SUCCESS');               
INSERT INTO PUBLIC.JHI_PERSISTENT_AUDIT_EVENT(EVENT_ID, PRINCIPAL, EVENT_DATE, EVENT_TYPE) VALUES(747, 'admin', TIMESTAMP '2018-05-18 20:50:43.415', 'AUTHENTICATION_SUCCESS');               
INSERT INTO PUBLIC.JHI_PERSISTENT_AUDIT_EVENT(EVENT_ID, PRINCIPAL, EVENT_DATE, EVENT_TYPE) VALUES(779, 'admin', TIMESTAMP '2018-05-18 21:01:40.647', 'AUTHENTICATION_SUCCESS');               
INSERT INTO PUBLIC.JHI_PERSISTENT_AUDIT_EVENT(EVENT_ID, PRINCIPAL, EVENT_DATE, EVENT_TYPE) VALUES(780, 'reviewer', TIMESTAMP '2018-05-18 21:43:28.836', 'AUTHENTICATION_SUCCESS');            
INSERT INTO PUBLIC.JHI_PERSISTENT_AUDIT_EVENT(EVENT_ID, PRINCIPAL, EVENT_DATE, EVENT_TYPE) VALUES(781, 'admin', TIMESTAMP '2018-05-18 21:44:42.713', 'AUTHENTICATION_SUCCESS');               
INSERT INTO PUBLIC.JHI_PERSISTENT_AUDIT_EVENT(EVENT_ID, PRINCIPAL, EVENT_DATE, EVENT_TYPE) VALUES(782, 'reviewer', TIMESTAMP '2018-05-18 21:51:12.725', 'AUTHENTICATION_SUCCESS');            
INSERT INTO PUBLIC.JHI_PERSISTENT_AUDIT_EVENT(EVENT_ID, PRINCIPAL, EVENT_DATE, EVENT_TYPE) VALUES(783, 'approver1', TIMESTAMP '2018-05-18 21:52:44.347', 'AUTHENTICATION_SUCCESS');           
INSERT INTO PUBLIC.JHI_PERSISTENT_AUDIT_EVENT(EVENT_ID, PRINCIPAL, EVENT_DATE, EVENT_TYPE) VALUES(784, 'admin', TIMESTAMP '2018-05-18 21:58:14.471', 'AUTHENTICATION_SUCCESS');               
INSERT INTO PUBLIC.JHI_PERSISTENT_AUDIT_EVENT(EVENT_ID, PRINCIPAL, EVENT_DATE, EVENT_TYPE) VALUES(785, 'approver2', TIMESTAMP '2018-05-18 21:58:51.587', 'AUTHENTICATION_FAILURE');           
INSERT INTO PUBLIC.JHI_PERSISTENT_AUDIT_EVENT(EVENT_ID, PRINCIPAL, EVENT_DATE, EVENT_TYPE) VALUES(786, 'approver1', TIMESTAMP '2018-05-18 21:58:56.475', 'AUTHENTICATION_SUCCESS');           
INSERT INTO PUBLIC.JHI_PERSISTENT_AUDIT_EVENT(EVENT_ID, PRINCIPAL, EVENT_DATE, EVENT_TYPE) VALUES(787, 'admin', TIMESTAMP '2018-05-18 21:59:21.451', 'AUTHENTICATION_SUCCESS');               
INSERT INTO PUBLIC.JHI_PERSISTENT_AUDIT_EVENT(EVENT_ID, PRINCIPAL, EVENT_DATE, EVENT_TYPE) VALUES(788, 'reviewer', TIMESTAMP '2018-05-18 22:06:49.647', 'AUTHENTICATION_SUCCESS');            
INSERT INTO PUBLIC.JHI_PERSISTENT_AUDIT_EVENT(EVENT_ID, PRINCIPAL, EVENT_DATE, EVENT_TYPE) VALUES(789, 'approver1', TIMESTAMP '2018-05-18 22:12:34.745', 'AUTHENTICATION_SUCCESS');           
INSERT INTO PUBLIC.JHI_PERSISTENT_AUDIT_EVENT(EVENT_ID, PRINCIPAL, EVENT_DATE, EVENT_TYPE) VALUES(790, 'user', TIMESTAMP '2018-05-19 17:13:40.428', 'AUTHENTICATION_SUCCESS');
INSERT INTO PUBLIC.JHI_PERSISTENT_AUDIT_EVENT(EVENT_ID, PRINCIPAL, EVENT_DATE, EVENT_TYPE) VALUES(791, 'reviewer', TIMESTAMP '2018-05-19 17:49:45.85', 'AUTHENTICATION_SUCCESS');             
INSERT INTO PUBLIC.JHI_PERSISTENT_AUDIT_EVENT(EVENT_ID, PRINCIPAL, EVENT_DATE, EVENT_TYPE) VALUES(792, 'user', TIMESTAMP '2018-05-19 17:59:16.686', 'AUTHENTICATION_FAILURE');
INSERT INTO PUBLIC.JHI_PERSISTENT_AUDIT_EVENT(EVENT_ID, PRINCIPAL, EVENT_DATE, EVENT_TYPE) VALUES(793, 'user', TIMESTAMP '2018-05-19 17:59:23.032', 'AUTHENTICATION_FAILURE');
INSERT INTO PUBLIC.JHI_PERSISTENT_AUDIT_EVENT(EVENT_ID, PRINCIPAL, EVENT_DATE, EVENT_TYPE) VALUES(794, 'user', TIMESTAMP '2018-05-19 17:59:36.967', 'AUTHENTICATION_SUCCESS');
INSERT INTO PUBLIC.JHI_PERSISTENT_AUDIT_EVENT(EVENT_ID, PRINCIPAL, EVENT_DATE, EVENT_TYPE) VALUES(795, 'approver1', TIMESTAMP '2018-05-19 19:02:12.789', 'AUTHENTICATION_SUCCESS');           
INSERT INTO PUBLIC.JHI_PERSISTENT_AUDIT_EVENT(EVENT_ID, PRINCIPAL, EVENT_DATE, EVENT_TYPE) VALUES(796, 'user', TIMESTAMP '2018-05-19 19:09:16.114', 'AUTHENTICATION_SUCCESS');
INSERT INTO PUBLIC.JHI_PERSISTENT_AUDIT_EVENT(EVENT_ID, PRINCIPAL, EVENT_DATE, EVENT_TYPE) VALUES(797, 'approver1', TIMESTAMP '2018-05-19 19:11:20.484', 'AUTHENTICATION_SUCCESS');           
INSERT INTO PUBLIC.JHI_PERSISTENT_AUDIT_EVENT(EVENT_ID, PRINCIPAL, EVENT_DATE, EVENT_TYPE) VALUES(798, 'approver1', TIMESTAMP '2018-05-19 19:12:23.364', 'AUTHENTICATION_SUCCESS');           
INSERT INTO PUBLIC.JHI_PERSISTENT_AUDIT_EVENT(EVENT_ID, PRINCIPAL, EVENT_DATE, EVENT_TYPE) VALUES(799, 'user', TIMESTAMP '2018-05-19 19:12:59.468', 'AUTHENTICATION_SUCCESS');
INSERT INTO PUBLIC.JHI_PERSISTENT_AUDIT_EVENT(EVENT_ID, PRINCIPAL, EVENT_DATE, EVENT_TYPE) VALUES(800, 'reviewer', TIMESTAMP '2018-05-19 19:14:20.944', 'AUTHENTICATION_SUCCESS');            
INSERT INTO PUBLIC.JHI_PERSISTENT_AUDIT_EVENT(EVENT_ID, PRINCIPAL, EVENT_DATE, EVENT_TYPE) VALUES(801, 'user', TIMESTAMP '2018-05-19 19:17:34.978', 'AUTHENTICATION_SUCCESS');
INSERT INTO PUBLIC.JHI_PERSISTENT_AUDIT_EVENT(EVENT_ID, PRINCIPAL, EVENT_DATE, EVENT_TYPE) VALUES(802, 'approver1', TIMESTAMP '2018-05-19 19:20:51.574', 'AUTHENTICATION_SUCCESS');           
INSERT INTO PUBLIC.JHI_PERSISTENT_AUDIT_EVENT(EVENT_ID, PRINCIPAL, EVENT_DATE, EVENT_TYPE) VALUES(803, 'user', TIMESTAMP '2018-05-19 19:21:16.763', 'AUTHENTICATION_SUCCESS');
INSERT INTO PUBLIC.JHI_PERSISTENT_AUDIT_EVENT(EVENT_ID, PRINCIPAL, EVENT_DATE, EVENT_TYPE) VALUES(804, 'approver1', TIMESTAMP '2018-05-19 19:34:36.789', 'AUTHENTICATION_SUCCESS');           
INSERT INTO PUBLIC.JHI_PERSISTENT_AUDIT_EVENT(EVENT_ID, PRINCIPAL, EVENT_DATE, EVENT_TYPE) VALUES(805, 'user', TIMESTAMP '2018-05-19 19:35:03.639', 'AUTHENTICATION_SUCCESS');
INSERT INTO PUBLIC.JHI_PERSISTENT_AUDIT_EVENT(EVENT_ID, PRINCIPAL, EVENT_DATE, EVENT_TYPE) VALUES(806, 'user', TIMESTAMP '2018-05-19 19:35:21.782', 'AUTHENTICATION_SUCCESS');
INSERT INTO PUBLIC.JHI_PERSISTENT_AUDIT_EVENT(EVENT_ID, PRINCIPAL, EVENT_DATE, EVENT_TYPE) VALUES(811, 'user', TIMESTAMP '2018-05-20 15:27:21.352', 'AUTHENTICATION_SUCCESS');
INSERT INTO PUBLIC.JHI_PERSISTENT_AUDIT_EVENT(EVENT_ID, PRINCIPAL, EVENT_DATE, EVENT_TYPE) VALUES(812, 'reviewer', TIMESTAMP '2018-05-20 15:28:22.162', 'AUTHENTICATION_SUCCESS');            
INSERT INTO PUBLIC.JHI_PERSISTENT_AUDIT_EVENT(EVENT_ID, PRINCIPAL, EVENT_DATE, EVENT_TYPE) VALUES(813, 'user', TIMESTAMP '2018-05-20 15:28:47.691', 'AUTHENTICATION_SUCCESS');
INSERT INTO PUBLIC.JHI_PERSISTENT_AUDIT_EVENT(EVENT_ID, PRINCIPAL, EVENT_DATE, EVENT_TYPE) VALUES(814, 'approver1', TIMESTAMP '2018-05-20 15:29:10.656', 'AUTHENTICATION_SUCCESS');           
INSERT INTO PUBLIC.JHI_PERSISTENT_AUDIT_EVENT(EVENT_ID, PRINCIPAL, EVENT_DATE, EVENT_TYPE) VALUES(815, 'user', TIMESTAMP '2018-05-20 15:29:33.457', 'AUTHENTICATION_SUCCESS');
INSERT INTO PUBLIC.JHI_PERSISTENT_AUDIT_EVENT(EVENT_ID, PRINCIPAL, EVENT_DATE, EVENT_TYPE) VALUES(816, 'user', TIMESTAMP '2018-05-20 15:29:34.004', 'AUTHENTICATION_SUCCESS');
INSERT INTO PUBLIC.JHI_PERSISTENT_AUDIT_EVENT(EVENT_ID, PRINCIPAL, EVENT_DATE, EVENT_TYPE) VALUES(817, 'user', TIMESTAMP '2018-05-20 15:36:16.161', 'AUTHENTICATION_SUCCESS');
INSERT INTO PUBLIC.JHI_PERSISTENT_AUDIT_EVENT(EVENT_ID, PRINCIPAL, EVENT_DATE, EVENT_TYPE) VALUES(818, 'user', TIMESTAMP '2018-05-20 15:40:15.677', 'AUTHENTICATION_SUCCESS');
INSERT INTO PUBLIC.JHI_PERSISTENT_AUDIT_EVENT(EVENT_ID, PRINCIPAL, EVENT_DATE, EVENT_TYPE) VALUES(819, 'reviewer', TIMESTAMP '2018-05-20 15:42:18.843', 'AUTHENTICATION_SUCCESS');            
INSERT INTO PUBLIC.JHI_PERSISTENT_AUDIT_EVENT(EVENT_ID, PRINCIPAL, EVENT_DATE, EVENT_TYPE) VALUES(820, 'user', TIMESTAMP '2018-05-20 15:43:19.366', 'AUTHENTICATION_SUCCESS');
INSERT INTO PUBLIC.JHI_PERSISTENT_AUDIT_EVENT(EVENT_ID, PRINCIPAL, EVENT_DATE, EVENT_TYPE) VALUES(821, 'approver1', TIMESTAMP '2018-05-20 15:43:45.708', 'AUTHENTICATION_SUCCESS');           
INSERT INTO PUBLIC.JHI_PERSISTENT_AUDIT_EVENT(EVENT_ID, PRINCIPAL, EVENT_DATE, EVENT_TYPE) VALUES(822, 'user', TIMESTAMP '2018-05-20 15:45:44.017', 'AUTHENTICATION_SUCCESS');
CREATE INDEX PUBLIC.IDX_PERSISTENT_AUDIT_EVENT ON PUBLIC.JHI_PERSISTENT_AUDIT_EVENT(PRINCIPAL, EVENT_DATE);   
CREATE CACHED TABLE PUBLIC.JHI_PERSISTENT_AUDIT_EVT_DATA(
    EVENT_ID BIGINT NOT NULL,
    NAME VARCHAR(150) NOT NULL,
    VALUE VARCHAR(255)
);         
ALTER TABLE PUBLIC.JHI_PERSISTENT_AUDIT_EVT_DATA ADD CONSTRAINT PUBLIC.CONSTRAINT_F PRIMARY KEY(EVENT_ID, NAME);              
-- 8 +/- SELECT COUNT(*) FROM PUBLIC.JHI_PERSISTENT_AUDIT_EVT_DATA;           
INSERT INTO PUBLIC.JHI_PERSISTENT_AUDIT_EVT_DATA(EVENT_ID, NAME, VALUE) VALUES(555, 'type', 'org.springframework.security.authentication.BadCredentialsException');           
INSERT INTO PUBLIC.JHI_PERSISTENT_AUDIT_EVT_DATA(EVENT_ID, NAME, VALUE) VALUES(555, 'message', 'Bad credentials');            
INSERT INTO PUBLIC.JHI_PERSISTENT_AUDIT_EVT_DATA(EVENT_ID, NAME, VALUE) VALUES(785, 'type', 'org.springframework.security.authentication.BadCredentialsException');           
INSERT INTO PUBLIC.JHI_PERSISTENT_AUDIT_EVT_DATA(EVENT_ID, NAME, VALUE) VALUES(785, 'message', 'Bad credentials');            
INSERT INTO PUBLIC.JHI_PERSISTENT_AUDIT_EVT_DATA(EVENT_ID, NAME, VALUE) VALUES(792, 'type', 'org.springframework.security.authentication.BadCredentialsException');           
INSERT INTO PUBLIC.JHI_PERSISTENT_AUDIT_EVT_DATA(EVENT_ID, NAME, VALUE) VALUES(792, 'message', 'Bad credentials');            
INSERT INTO PUBLIC.JHI_PERSISTENT_AUDIT_EVT_DATA(EVENT_ID, NAME, VALUE) VALUES(793, 'type', 'org.springframework.security.authentication.BadCredentialsException');           
INSERT INTO PUBLIC.JHI_PERSISTENT_AUDIT_EVT_DATA(EVENT_ID, NAME, VALUE) VALUES(793, 'message', 'Bad credentials');            
CREATE INDEX PUBLIC.IDX_PERSISTENT_AUDIT_EVT_DATA ON PUBLIC.JHI_PERSISTENT_AUDIT_EVT_DATA(EVENT_ID);          
CREATE CACHED TABLE PUBLIC.REQUEST(
    ID BIGINT DEFAULT (NEXT VALUE FOR PUBLIC.SYSTEM_SEQUENCE_768B3565_20EF_48C5_AA92_614D0C2B1919) NOT NULL NULL_TO_DEFAULT SEQUENCE PUBLIC.SYSTEM_SEQUENCE_768B3565_20EF_48C5_AA92_614D0C2B1919,
    TITLE VARCHAR(255),
    JHI_TYPE VARCHAR(255),
    START_DATE DATE,
    DURATION VARCHAR(255),
    STATUS VARCHAR(255),
    CREATED_ON DATE,
    MODIFIED_ON DATE,
    CREATED_BY VARCHAR(255),
    MODIFIED_BY VARCHAR(255)
);          
ALTER TABLE PUBLIC.REQUEST ADD CONSTRAINT PUBLIC.PK_REQUEST PRIMARY KEY(ID);  
-- 39 +/- SELECT COUNT(*) FROM PUBLIC.REQUEST;
INSERT INTO PUBLIC.REQUEST(ID, TITLE, JHI_TYPE, START_DATE, DURATION, STATUS, CREATED_ON, MODIFIED_ON, CREATED_BY, MODIFIED_BY) VALUES(1, 'First MoC', 'OPD', NULL, '0', 'SAVED', DATE '2018-03-16', NULL, 'admin', NULL);    
INSERT INTO PUBLIC.REQUEST(ID, TITLE, JHI_TYPE, START_DATE, DURATION, STATUS, CREATED_ON, MODIFIED_ON, CREATED_BY, MODIFIED_BY) VALUES(2, 'Test', 'ASS', DATE '2018-05-01', '0', 'SAVED', DATE '2018-03-17', NULL, 'admin', NULL);            
INSERT INTO PUBLIC.REQUEST(ID, TITLE, JHI_TYPE, START_DATE, DURATION, STATUS, CREATED_ON, MODIFIED_ON, CREATED_BY, MODIFIED_BY) VALUES(3, 'Test 1', 'DOC', NULL, '1', 'SAVED', DATE '2018-03-18', NULL, 'admin', NULL);       
INSERT INTO PUBLIC.REQUEST(ID, TITLE, JHI_TYPE, START_DATE, DURATION, STATUS, CREATED_ON, MODIFIED_ON, CREATED_BY, MODIFIED_BY) VALUES(4, 'Test', 'ENG', NULL, '0', 'SAVED', DATE '2018-03-19', NULL, 'admin', NULL);         
INSERT INTO PUBLIC.REQUEST(ID, TITLE, JHI_TYPE, START_DATE, DURATION, STATUS, CREATED_ON, MODIFIED_ON, CREATED_BY, MODIFIED_BY) VALUES(36, 'tsefsdf', 'ASS', DATE '2018-03-17', '0', 'SAVED', DATE '2018-03-19', NULL, 'admin', NULL);        
INSERT INTO PUBLIC.REQUEST(ID, TITLE, JHI_TYPE, START_DATE, DURATION, STATUS, CREATED_ON, MODIFIED_ON, CREATED_BY, MODIFIED_BY) VALUES(37, 'er', 'ASS', DATE '2018-03-12', '0', 'SAVED', DATE '2018-03-19', NULL, 'admin', NULL);             
INSERT INTO PUBLIC.REQUEST(ID, TITLE, JHI_TYPE, START_DATE, DURATION, STATUS, CREATED_ON, MODIFIED_ON, CREATED_BY, MODIFIED_BY) VALUES(38, 'dss', 'ASS', DATE '2018-03-14', '0', 'SAVED', DATE '2018-03-19', NULL, 'admin', NULL);            
INSERT INTO PUBLIC.REQUEST(ID, TITLE, JHI_TYPE, START_DATE, DURATION, STATUS, CREATED_ON, MODIFIED_ON, CREATED_BY, MODIFIED_BY) VALUES(39, 'sd', 'ASS', DATE '2018-03-12', '0', 'SAVED', DATE '2018-03-19', NULL, 'admin', NULL);             
INSERT INTO PUBLIC.REQUEST(ID, TITLE, JHI_TYPE, START_DATE, DURATION, STATUS, CREATED_ON, MODIFIED_ON, CREATED_BY, MODIFIED_BY) VALUES(40, 'rf', 'ASS', DATE '2018-03-06', '0', 'SAVED', DATE '2018-03-19', NULL, 'admin', NULL);             
INSERT INTO PUBLIC.REQUEST(ID, TITLE, JHI_TYPE, START_DATE, DURATION, STATUS, CREATED_ON, MODIFIED_ON, CREATED_BY, MODIFIED_BY) VALUES(41, 'sdf', 'ASS', DATE '2018-03-05', '0', 'SAVED', DATE '2018-03-19', NULL, 'admin', NULL);            
INSERT INTO PUBLIC.REQUEST(ID, TITLE, JHI_TYPE, START_DATE, DURATION, STATUS, CREATED_ON, MODIFIED_ON, CREATED_BY, MODIFIED_BY) VALUES(68, 'sdf', 'DOC', DATE '2018-03-20', '0', 'SAVED', DATE '2018-03-24', NULL, 'admin', NULL);            
INSERT INTO PUBLIC.REQUEST(ID, TITLE, JHI_TYPE, START_DATE, DURATION, STATUS, CREATED_ON, MODIFIED_ON, CREATED_BY, MODIFIED_BY) VALUES(100, 'xcv', 'DOC', DATE '2018-03-04', '0', 'SAVED', DATE '2018-03-24', NULL, 'admin', NULL);           
INSERT INTO PUBLIC.REQUEST(ID, TITLE, JHI_TYPE, START_DATE, DURATION, STATUS, CREATED_ON, MODIFIED_ON, CREATED_BY, MODIFIED_BY) VALUES(101, 'sdfsdf', 'DOC', DATE '2018-03-11', '0', 'SAVED', DATE '2018-03-24', NULL, 'admin', NULL);        
INSERT INTO PUBLIC.REQUEST(ID, TITLE, JHI_TYPE, START_DATE, DURATION, STATUS, CREATED_ON, MODIFIED_ON, CREATED_BY, MODIFIED_BY) VALUES(132, 'test', 'DOC', DATE '2018-03-13', '0', 'SAVED', DATE '2018-03-28', NULL, 'admin', NULL);          
INSERT INTO PUBLIC.REQUEST(ID, TITLE, JHI_TYPE, START_DATE, DURATION, STATUS, CREATED_ON, MODIFIED_ON, CREATED_BY, MODIFIED_BY) VALUES(164, 'sdf', 'DOC', DATE '2018-03-12', '0', 'SUBMITTED', DATE '2018-03-28', NULL, 'admin', NULL);       
INSERT INTO PUBLIC.REQUEST(ID, TITLE, JHI_TYPE, START_DATE, DURATION, STATUS, CREATED_ON, MODIFIED_ON, CREATED_BY, MODIFIED_BY) VALUES(196, 'sdf', 'DOC', DATE '2018-03-13', '0', 'SUBMITTED', DATE '2018-03-29', NULL, 'admin', NULL);       
INSERT INTO PUBLIC.REQUEST(ID, TITLE, JHI_TYPE, START_DATE, DURATION, STATUS, CREATED_ON, MODIFIED_ON, CREATED_BY, MODIFIED_BY) VALUES(228, 'fg', 'DOC', DATE '2018-03-26', '0', 'SUBMITTED', DATE '2018-03-29', NULL, 'admin', NULL);        
INSERT INTO PUBLIC.REQUEST(ID, TITLE, JHI_TYPE, START_DATE, DURATION, STATUS, CREATED_ON, MODIFIED_ON, CREATED_BY, MODIFIED_BY) VALUES(229, 'sdf', 'DOC', DATE '2018-03-05', '0', 'SUBMITTED', DATE '2018-03-29', NULL, 'admin', NULL);       
INSERT INTO PUBLIC.REQUEST(ID, TITLE, JHI_TYPE, START_DATE, DURATION, STATUS, CREATED_ON, MODIFIED_ON, CREATED_BY, MODIFIED_BY) VALUES(230, 'xcv', 'DOC', DATE '2018-03-05', '0', 'SUBMITTED', DATE '2018-03-29', NULL, 'admin', NULL);       
INSERT INTO PUBLIC.REQUEST(ID, TITLE, JHI_TYPE, START_DATE, DURATION, STATUS, CREATED_ON, MODIFIED_ON, CREATED_BY, MODIFIED_BY) VALUES(231, 'jh', 'DOC', DATE '2018-03-13', '0', 'SUBMITTED', DATE '2018-03-29', NULL, 'admin', NULL);        
INSERT INTO PUBLIC.REQUEST(ID, TITLE, JHI_TYPE, START_DATE, DURATION, STATUS, CREATED_ON, MODIFIED_ON, CREATED_BY, MODIFIED_BY) VALUES(232, 'dfg', 'DOC', DATE '2018-03-06', '0', 'SUBMITTED', DATE '2018-03-29', NULL, 'admin', NULL);       
INSERT INTO PUBLIC.REQUEST(ID, TITLE, JHI_TYPE, START_DATE, DURATION, STATUS, CREATED_ON, MODIFIED_ON, CREATED_BY, MODIFIED_BY) VALUES(260, 'drt', 'DOC', DATE '2018-04-17', '0', 'SUBMITTED', DATE '2018-04-01', NULL, 'admin', NULL);       
INSERT INTO PUBLIC.REQUEST(ID, TITLE, JHI_TYPE, START_DATE, DURATION, STATUS, CREATED_ON, MODIFIED_ON, CREATED_BY, MODIFIED_BY) VALUES(292, 'tsefsdf', 'DOC', DATE '2018-05-23', '0', 'SUBMITTED', DATE '2018-05-03', NULL, 'admin', NULL);   
INSERT INTO PUBLIC.REQUEST(ID, TITLE, JHI_TYPE, START_DATE, DURATION, STATUS, CREATED_ON, MODIFIED_ON, CREATED_BY, MODIFIED_BY) VALUES(293, 'test', 'DOC', DATE '2018-05-07', '0', 'SUBMITTED', DATE '2018-05-03', NULL, 'admin', NULL);      
INSERT INTO PUBLIC.REQUEST(ID, TITLE, JHI_TYPE, START_DATE, DURATION, STATUS, CREATED_ON, MODIFIED_ON, CREATED_BY, MODIFIED_BY) VALUES(324, 'upesh', 'DOC', DATE '2018-05-10', '0', 'SUBMITTED', DATE '2018-05-03', NULL, 'admin', NULL);     
INSERT INTO PUBLIC.REQUEST(ID, TITLE, JHI_TYPE, START_DATE, DURATION, STATUS, CREATED_ON, MODIFIED_ON, CREATED_BY, MODIFIED_BY) VALUES(325, 'upesh1', 'DOC', DATE '2018-05-10', '0', 'SUBMITTED', DATE '2018-05-04', NULL, 'admin', NULL);    
INSERT INTO PUBLIC.REQUEST(ID, TITLE, JHI_TYPE, START_DATE, DURATION, STATUS, CREATED_ON, MODIFIED_ON, CREATED_BY, MODIFIED_BY) VALUES(326, 'upesh2', 'DOC', DATE '2018-05-29', '0', 'SUBMITTED', DATE '2018-05-04', NULL, 'admin', NULL);    
INSERT INTO PUBLIC.REQUEST(ID, TITLE, JHI_TYPE, START_DATE, DURATION, STATUS, CREATED_ON, MODIFIED_ON, CREATED_BY, MODIFIED_BY) VALUES(327, 'upesh4', 'DOC', DATE '2018-05-28', '0', 'SUBMITTED', DATE '2018-05-04', NULL, 'admin', NULL);    
INSERT INTO PUBLIC.REQUEST(ID, TITLE, JHI_TYPE, START_DATE, DURATION, STATUS, CREATED_ON, MODIFIED_ON, CREATED_BY, MODIFIED_BY) VALUES(356, 'abc', 'DOC', DATE '2018-05-23', '0', 'SUBMITTED', DATE '2018-05-04', NULL, 'admin', NULL);       
INSERT INTO PUBLIC.REQUEST(ID, TITLE, JHI_TYPE, START_DATE, DURATION, STATUS, CREATED_ON, MODIFIED_ON, CREATED_BY, MODIFIED_BY) VALUES(388, 'myTask', 'DOC', DATE '2018-05-08', '0', 'SUBMITTED', DATE '2018-05-06', NULL, 'admin', NULL);    
INSERT INTO PUBLIC.REQUEST(ID, TITLE, JHI_TYPE, START_DATE, DURATION, STATUS, CREATED_ON, MODIFIED_ON, CREATED_BY, MODIFIED_BY) VALUES(420, 'upesh', 'DOC', DATE '2018-05-07', '0', 'SAVED', DATE '2018-05-16', NULL, 'admin', NULL);         
INSERT INTO PUBLIC.REQUEST(ID, TITLE, JHI_TYPE, START_DATE, DURATION, STATUS, CREATED_ON, MODIFIED_ON, CREATED_BY, MODIFIED_BY) VALUES(421, 'sdf', 'DOC', DATE '2018-04-30', '0', 'SUBMITTED', DATE '2018-05-16', NULL, 'admin', NULL);       
INSERT INTO PUBLIC.REQUEST(ID, TITLE, JHI_TYPE, START_DATE, DURATION, STATUS, CREATED_ON, MODIFIED_ON, CREATED_BY, MODIFIED_BY) VALUES(452, 'jh', 'DOC', DATE '2018-05-17', '0', 'SUBMITTED', DATE '2018-05-18', NULL, 'admin', NULL);        
INSERT INTO PUBLIC.REQUEST(ID, TITLE, JHI_TYPE, START_DATE, DURATION, STATUS, CREATED_ON, MODIFIED_ON, CREATED_BY, MODIFIED_BY) VALUES(484, 'upesh', 'DOC', DATE '2018-05-16', '0', 'SUBMITTED', DATE '2018-05-18', NULL, 'admin', NULL);     
INSERT INTO PUBLIC.REQUEST(ID, TITLE, JHI_TYPE, START_DATE, DURATION, STATUS, CREATED_ON, MODIFIED_ON, CREATED_BY, MODIFIED_BY) VALUES(485, 'testupesh', 'DOC', DATE '2018-05-17', '0', 'SUBMITTED', DATE '2018-05-18', NULL, 'admin', NULL); 
INSERT INTO PUBLIC.REQUEST(ID, TITLE, JHI_TYPE, START_DATE, DURATION, STATUS, CREATED_ON, MODIFIED_ON, CREATED_BY, MODIFIED_BY) VALUES(486, 'user''s task', 'DOC', DATE '2018-05-18', '1', 'SUBMITTED', DATE '2018-05-19', NULL, 'user', NULL);               
INSERT INTO PUBLIC.REQUEST(ID, TITLE, JHI_TYPE, START_DATE, DURATION, STATUS, CREATED_ON, MODIFIED_ON, CREATED_BY, MODIFIED_BY) VALUES(487, 'testing final', 'DOC', DATE '2018-05-18', '0', 'SUBMITTED', DATE '2018-05-19', NULL, 'user', NULL);              
INSERT INTO PUBLIC.REQUEST(ID, TITLE, JHI_TYPE, START_DATE, DURATION, STATUS, CREATED_ON, MODIFIED_ON, CREATED_BY, MODIFIED_BY) VALUES(516, 'pre demo', 'DOC', DATE '2018-05-19', '0', 'SUBMITTED', DATE '2018-05-20', NULL, 'user', NULL);   
INSERT INTO PUBLIC.REQUEST(ID, TITLE, JHI_TYPE, START_DATE, DURATION, STATUS, CREATED_ON, MODIFIED_ON, CREATED_BY, MODIFIED_BY) VALUES(517, 'demo', 'DOC', DATE '2018-05-19', '0', 'SUBMITTED', DATE '2018-05-20', NULL, 'user', NULL);       
CREATE CACHED TABLE PUBLIC.REQUEST_ATTACHMENT(
    ID BIGINT DEFAULT (NEXT VALUE FOR PUBLIC.SYSTEM_SEQUENCE_A6D9784B_35DD_4068_8197_908549A332A2) NOT NULL NULL_TO_DEFAULT SEQUENCE PUBLIC.SYSTEM_SEQUENCE_A6D9784B_35DD_4068_8197_908549A332A2,
    FILE_NAME VARCHAR(255),
    UPLOADED_BY VARCHAR(255),
    UPLOADED_ON DATE,
    ATTACHMENT_TYPE VARCHAR(255),
    REQUESTID_ID BIGINT
);          
ALTER TABLE PUBLIC.REQUEST_ATTACHMENT ADD CONSTRAINT PUBLIC.PK_REQUEST_ATTACHMENT PRIMARY KEY(ID);            
-- 14 +/- SELECT COUNT(*) FROM PUBLIC.REQUEST_ATTACHMENT;     
INSERT INTO PUBLIC.REQUEST_ATTACHMENT(ID, FILE_NAME, UPLOADED_BY, UPLOADED_ON, ATTACHMENT_TYPE, REQUESTID_ID) VALUES(1, 'this_message.txt', 'admin', DATE '2018-03-17', 'text/plain', 2);     
INSERT INTO PUBLIC.REQUEST_ATTACHMENT(ID, FILE_NAME, UPLOADED_BY, UPLOADED_ON, ATTACHMENT_TYPE, REQUESTID_ID) VALUES(2, 'this_message.txt', 'admin', DATE '2018-03-17', 'text/plain', 2);     
INSERT INTO PUBLIC.REQUEST_ATTACHMENT(ID, FILE_NAME, UPLOADED_BY, UPLOADED_ON, ATTACHMENT_TYPE, REQUESTID_ID) VALUES(3, 'this_message.txt', 'admin', DATE '2018-03-17', 'text/plain', 2);     
INSERT INTO PUBLIC.REQUEST_ATTACHMENT(ID, FILE_NAME, UPLOADED_BY, UPLOADED_ON, ATTACHMENT_TYPE, REQUESTID_ID) VALUES(4, 'this_message.txt', 'admin', DATE '2018-03-18', 'text/plain', 3);     
INSERT INTO PUBLIC.REQUEST_ATTACHMENT(ID, FILE_NAME, UPLOADED_BY, UPLOADED_ON, ATTACHMENT_TYPE, REQUESTID_ID) VALUES(5, 'Screen Shot 2018-03-13 at 11.33.06 pm.png', 'admin', DATE '2018-03-18', 'image/png', 3);             
INSERT INTO PUBLIC.REQUEST_ATTACHMENT(ID, FILE_NAME, UPLOADED_BY, UPLOADED_ON, ATTACHMENT_TYPE, REQUESTID_ID) VALUES(6, 'Screen Shot 2018-03-13 at 11.33.06 pm.png', 'admin', DATE '2018-03-18', 'image/png', 3);             
INSERT INTO PUBLIC.REQUEST_ATTACHMENT(ID, FILE_NAME, UPLOADED_BY, UPLOADED_ON, ATTACHMENT_TYPE, REQUESTID_ID) VALUES(7, 'Create new run.docx', 'admin', DATE '2018-03-19', 'application/vnd.openxmlformats-officedocument.wordprocessingml.document', 39);    
INSERT INTO PUBLIC.REQUEST_ATTACHMENT(ID, FILE_NAME, UPLOADED_BY, UPLOADED_ON, ATTACHMENT_TYPE, REQUESTID_ID) VALUES(8, 'CFG.docx', 'admin', DATE '2018-03-19', 'application/vnd.openxmlformats-officedocument.wordprocessingml.document', 41);               
INSERT INTO PUBLIC.REQUEST_ATTACHMENT(ID, FILE_NAME, UPLOADED_BY, UPLOADED_ON, ATTACHMENT_TYPE, REQUESTID_ID) VALUES(39, 'manifest.json', 'admin', DATE '2018-03-24', 'application/octet-stream', 68);        
INSERT INTO PUBLIC.REQUEST_ATTACHMENT(ID, FILE_NAME, UPLOADED_BY, UPLOADED_ON, ATTACHMENT_TYPE, REQUESTID_ID) VALUES(71, 'slide1.jpg', 'admin', DATE '2018-05-17', 'image/jpeg', 421);        
INSERT INTO PUBLIC.REQUEST_ATTACHMENT(ID, FILE_NAME, UPLOADED_BY, UPLOADED_ON, ATTACHMENT_TYPE, REQUESTID_ID) VALUES(103, 'logo_vconvert.gif', 'user', DATE '2018-05-19', 'image/gif', 486);  
INSERT INTO PUBLIC.REQUEST_ATTACHMENT(ID, FILE_NAME, UPLOADED_BY, UPLOADED_ON, ATTACHMENT_TYPE, REQUESTID_ID) VALUES(104, '4_tasks.pdf', 'user', DATE '2018-05-19', 'application/pdf', 487);  
INSERT INTO PUBLIC.REQUEST_ATTACHMENT(ID, FILE_NAME, UPLOADED_BY, UPLOADED_ON, ATTACHMENT_TYPE, REQUESTID_ID) VALUES(135, 'logo_vprospect.gif', 'user', DATE '2018-05-20', 'image/gif', 516); 
INSERT INTO PUBLIC.REQUEST_ATTACHMENT(ID, FILE_NAME, UPLOADED_BY, UPLOADED_ON, ATTACHMENT_TYPE, REQUESTID_ID) VALUES(136, 'logo_vconvert.gif', 'user', DATE '2018-05-20', 'image/gif', 517);  
CREATE CACHED TABLE PUBLIC.DEFINITION_CONFIG(
    ID BIGINT DEFAULT (NEXT VALUE FOR PUBLIC.SYSTEM_SEQUENCE_9486A682_8350_4C32_971F_A256995730AC) NOT NULL NULL_TO_DEFAULT SEQUENCE PUBLIC.SYSTEM_SEQUENCE_9486A682_8350_4C32_971F_A256995730AC,
    DEF_NAME VARCHAR(255)
);               
ALTER TABLE PUBLIC.DEFINITION_CONFIG ADD CONSTRAINT PUBLIC.PK_DEFINITION_CONFIG PRIMARY KEY(ID);              
-- 4 +/- SELECT COUNT(*) FROM PUBLIC.DEFINITION_CONFIG;       
INSERT INTO PUBLIC.DEFINITION_CONFIG(ID, DEF_NAME) VALUES(1, 'DocumentDefinition');           
INSERT INTO PUBLIC.DEFINITION_CONFIG(ID, DEF_NAME) VALUES(2, 'AssetDefinition');              
INSERT INTO PUBLIC.DEFINITION_CONFIG(ID, DEF_NAME) VALUES(3, 'OpdDefinition');
INSERT INTO PUBLIC.DEFINITION_CONFIG(ID, DEF_NAME) VALUES(33, 'EngineeringDefinition');       
CREATE CACHED TABLE PUBLIC.REQUEST_TYPE_DEF_CONFIG(
    ID BIGINT DEFAULT (NEXT VALUE FOR PUBLIC.SYSTEM_SEQUENCE_4E7D2A0A_307F_4384_AC70_092336EF194D) NOT NULL NULL_TO_DEFAULT SEQUENCE PUBLIC.SYSTEM_SEQUENCE_4E7D2A0A_307F_4384_AC70_092336EF194D,
    REQUEST_TYPE VARCHAR(255),
    DEFINITION_ID BIGINT
);          
ALTER TABLE PUBLIC.REQUEST_TYPE_DEF_CONFIG ADD CONSTRAINT PUBLIC.PK_REQUEST_TYPE_DEF_CONFIG PRIMARY KEY(ID);  
-- 4 +/- SELECT COUNT(*) FROM PUBLIC.REQUEST_TYPE_DEF_CONFIG; 
INSERT INTO PUBLIC.REQUEST_TYPE_DEF_CONFIG(ID, REQUEST_TYPE, DEFINITION_ID) VALUES(1, 'DOC', 1);              
INSERT INTO PUBLIC.REQUEST_TYPE_DEF_CONFIG(ID, REQUEST_TYPE, DEFINITION_ID) VALUES(2, 'ASS', 2);              
INSERT INTO PUBLIC.REQUEST_TYPE_DEF_CONFIG(ID, REQUEST_TYPE, DEFINITION_ID) VALUES(3, 'OPS', 3);              
INSERT INTO PUBLIC.REQUEST_TYPE_DEF_CONFIG(ID, REQUEST_TYPE, DEFINITION_ID) VALUES(33, 'ENG', 33);            
CREATE CACHED TABLE PUBLIC.FIELD_DEFINITION(
    ID BIGINT DEFAULT (NEXT VALUE FOR PUBLIC.SYSTEM_SEQUENCE_FCEDD709_7614_46F6_AC11_F9DB27D7CCEF) NOT NULL NULL_TO_DEFAULT SEQUENCE PUBLIC.SYSTEM_SEQUENCE_FCEDD709_7614_46F6_AC11_F9DB27D7CCEF,
    FIELD_TYPE VARCHAR(255),
    JHI_KEY VARCHAR(255),
    NAME VARCHAR(255),
    PLACE_HOLDER VARCHAR(255),
    MANDATORY BOOLEAN,
    DEFINITION_ID BIGINT
);        
ALTER TABLE PUBLIC.FIELD_DEFINITION ADD CONSTRAINT PUBLIC.PK_FIELD_DEFINITION PRIMARY KEY(ID);
-- 26 +/- SELECT COUNT(*) FROM PUBLIC.FIELD_DEFINITION;       
INSERT INTO PUBLIC.FIELD_DEFINITION(ID, FIELD_TYPE, JHI_KEY, NAME, PLACE_HOLDER, MANDATORY, DEFINITION_ID) VALUES(1, 'Title', 'genTitle', 'General', NULL, FALSE, 1);         
INSERT INTO PUBLIC.FIELD_DEFINITION(ID, FIELD_TYPE, JHI_KEY, NAME, PLACE_HOLDER, MANDATORY, DEFINITION_ID) VALUES(2, 'Label', 'reason', 'Reason for change', NULL, FALSE, 1); 
INSERT INTO PUBLIC.FIELD_DEFINITION(ID, FIELD_TYPE, JHI_KEY, NAME, PLACE_HOLDER, MANDATORY, DEFINITION_ID) VALUES(3, 'FreeText', 'reasonForChange', '', 'Reason for change', TRUE, 1);        
INSERT INTO PUBLIC.FIELD_DEFINITION(ID, FIELD_TYPE, JHI_KEY, NAME, PLACE_HOLDER, MANDATORY, DEFINITION_ID) VALUES(33, 'Label', 'desc', 'Change Description', NULL, FALSE, 1); 
INSERT INTO PUBLIC.FIELD_DEFINITION(ID, FIELD_TYPE, JHI_KEY, NAME, PLACE_HOLDER, MANDATORY, DEFINITION_ID) VALUES(34, 'FreeText', 'changeDescription', NULL, 'Change Description', TRUE, 1);  
INSERT INTO PUBLIC.FIELD_DEFINITION(ID, FIELD_TYPE, JHI_KEY, NAME, PLACE_HOLDER, MANDATORY, DEFINITION_ID) VALUES(35, 'Title', 'title', 'Enginerring Desc', NULL, FALSE, 33); 
INSERT INTO PUBLIC.FIELD_DEFINITION(ID, FIELD_TYPE, JHI_KEY, NAME, PLACE_HOLDER, MANDATORY, DEFINITION_ID) VALUES(36, 'Label', 'nothi', 'Discipline', NULL, FALSE, 33);       
INSERT INTO PUBLIC.FIELD_DEFINITION(ID, FIELD_TYPE, JHI_KEY, NAME, PLACE_HOLDER, MANDATORY, DEFINITION_ID) VALUES(37, 'RadioGroup', NULL, NULL, 'Some value', TRUE, 33);      
INSERT INTO PUBLIC.FIELD_DEFINITION(ID, FIELD_TYPE, JHI_KEY, NAME, PLACE_HOLDER, MANDATORY, DEFINITION_ID) VALUES(38, 'ComboBox', NULL, NULL, 'etest', FALSE, 33);            
INSERT INTO PUBLIC.FIELD_DEFINITION(ID, FIELD_TYPE, JHI_KEY, NAME, PLACE_HOLDER, MANDATORY, DEFINITION_ID) VALUES(65, 'Title', 'Address', '', NULL, FALSE, 1);
INSERT INTO PUBLIC.FIELD_DEFINITION(ID, FIELD_TYPE, JHI_KEY, NAME, PLACE_HOLDER, MANDATORY, DEFINITION_ID) VALUES(66, 'Label', NULL, 'Change Type', 'Your phone number', TRUE, 1);            
INSERT INTO PUBLIC.FIELD_DEFINITION(ID, FIELD_TYPE, JHI_KEY, NAME, PLACE_HOLDER, MANDATORY, DEFINITION_ID) VALUES(67, 'ComboBox', NULL, 'phone', 'phone number', TRUE, 1);    
INSERT INTO PUBLIC.FIELD_DEFINITION(ID, FIELD_TYPE, JHI_KEY, NAME, PLACE_HOLDER, MANDATORY, DEFINITION_ID) VALUES(97, 'Label', 'Requires ShutDown', 'Requires ShutDown', NULL, FALSE, 1);     
INSERT INTO PUBLIC.FIELD_DEFINITION(ID, FIELD_TYPE, JHI_KEY, NAME, PLACE_HOLDER, MANDATORY, DEFINITION_ID) VALUES(98, 'RadioGroup', NULL, NULL, NULL, FALSE, 1);              
INSERT INTO PUBLIC.FIELD_DEFINITION(ID, FIELD_TYPE, JHI_KEY, NAME, PLACE_HOLDER, MANDATORY, DEFINITION_ID) VALUES(99, 'Label', 'New label', 'New label', NULL, FALSE, 1);     
INSERT INTO PUBLIC.FIELD_DEFINITION(ID, FIELD_TYPE, JHI_KEY, NAME, PLACE_HOLDER, MANDATORY, DEFINITION_ID) VALUES(100, 'Text', NULL, NULL, 'Text', FALSE, 1); 
INSERT INTO PUBLIC.FIELD_DEFINITION(ID, FIELD_TYPE, JHI_KEY, NAME, PLACE_HOLDER, MANDATORY, DEFINITION_ID) VALUES(101, 'Title', 'genTitle', 'General', NULL, FALSE, 2);       
INSERT INTO PUBLIC.FIELD_DEFINITION(ID, FIELD_TYPE, JHI_KEY, NAME, PLACE_HOLDER, MANDATORY, DEFINITION_ID) VALUES(102, 'Label', 'reason', 'Reason for change', NULL, FALSE, 2);               
INSERT INTO PUBLIC.FIELD_DEFINITION(ID, FIELD_TYPE, JHI_KEY, NAME, PLACE_HOLDER, MANDATORY, DEFINITION_ID) VALUES(103, 'FreeText', 'reasonForChange', '', 'Reason for change', TRUE, 2);      
INSERT INTO PUBLIC.FIELD_DEFINITION(ID, FIELD_TYPE, JHI_KEY, NAME, PLACE_HOLDER, MANDATORY, DEFINITION_ID) VALUES(104, 'Label', 'desc', 'Change Description', NULL, FALSE, 2);
INSERT INTO PUBLIC.FIELD_DEFINITION(ID, FIELD_TYPE, JHI_KEY, NAME, PLACE_HOLDER, MANDATORY, DEFINITION_ID) VALUES(105, 'FreeText', 'changeDescription', NULL, 'Change Description', TRUE, 2); 
INSERT INTO PUBLIC.FIELD_DEFINITION(ID, FIELD_TYPE, JHI_KEY, NAME, PLACE_HOLDER, MANDATORY, DEFINITION_ID) VALUES(111, 'Title', 'genTitle', 'General', NULL, FALSE, 3);       
INSERT INTO PUBLIC.FIELD_DEFINITION(ID, FIELD_TYPE, JHI_KEY, NAME, PLACE_HOLDER, MANDATORY, DEFINITION_ID) VALUES(112, 'Label', 'reason', 'Reason for change', NULL, FALSE, 3);               
INSERT INTO PUBLIC.FIELD_DEFINITION(ID, FIELD_TYPE, JHI_KEY, NAME, PLACE_HOLDER, MANDATORY, DEFINITION_ID) VALUES(113, 'FreeText', 'reasonForChange', '', 'Reason for change', TRUE, 3);      
INSERT INTO PUBLIC.FIELD_DEFINITION(ID, FIELD_TYPE, JHI_KEY, NAME, PLACE_HOLDER, MANDATORY, DEFINITION_ID) VALUES(114, 'Label', 'desc', 'Change Description', NULL, FALSE, 3);
INSERT INTO PUBLIC.FIELD_DEFINITION(ID, FIELD_TYPE, JHI_KEY, NAME, PLACE_HOLDER, MANDATORY, DEFINITION_ID) VALUES(115, 'FreeText', 'changeDescription', NULL, 'Change Description', TRUE, 3); 
CREATE CACHED TABLE PUBLIC.REUEST_DEFINITION(
    ID BIGINT DEFAULT (NEXT VALUE FOR PUBLIC.SYSTEM_SEQUENCE_6199FDC1_3D5A_4CD4_BF2D_730602F095DF) NOT NULL NULL_TO_DEFAULT SEQUENCE PUBLIC.SYSTEM_SEQUENCE_6199FDC1_3D5A_4CD4_BF2D_730602F095DF,
    JHI_VALUE VARCHAR(255),
    REQUEST_ID BIGINT,
    FIELD_DEFINITION_ID BIGINT
);     
ALTER TABLE PUBLIC.REUEST_DEFINITION ADD CONSTRAINT PUBLIC.PK_REUEST_DEFINITION PRIMARY KEY(ID);              
-- 189 +/- SELECT COUNT(*) FROM PUBLIC.REUEST_DEFINITION;     
INSERT INTO PUBLIC.REUEST_DEFINITION(ID, JHI_VALUE, REQUEST_ID, FIELD_DEFINITION_ID) VALUES(1, NULL, 2, 67);  
INSERT INTO PUBLIC.REUEST_DEFINITION(ID, JHI_VALUE, REQUEST_ID, FIELD_DEFINITION_ID) VALUES(2, NULL, 2, 3);   
INSERT INTO PUBLIC.REUEST_DEFINITION(ID, JHI_VALUE, REQUEST_ID, FIELD_DEFINITION_ID) VALUES(3, NULL, 2, 34);  
INSERT INTO PUBLIC.REUEST_DEFINITION(ID, JHI_VALUE, REQUEST_ID, FIELD_DEFINITION_ID) VALUES(4, NULL, 2, 100); 
INSERT INTO PUBLIC.REUEST_DEFINITION(ID, JHI_VALUE, REQUEST_ID, FIELD_DEFINITION_ID) VALUES(5, 'undefined', 2, 98);           
INSERT INTO PUBLIC.REUEST_DEFINITION(ID, JHI_VALUE, REQUEST_ID, FIELD_DEFINITION_ID) VALUES(6, NULL, 3, 100); 
INSERT INTO PUBLIC.REUEST_DEFINITION(ID, JHI_VALUE, REQUEST_ID, FIELD_DEFINITION_ID) VALUES(7, NULL, 3, 67);  
INSERT INTO PUBLIC.REUEST_DEFINITION(ID, JHI_VALUE, REQUEST_ID, FIELD_DEFINITION_ID) VALUES(8, 'undefined', 3, 98);           
INSERT INTO PUBLIC.REUEST_DEFINITION(ID, JHI_VALUE, REQUEST_ID, FIELD_DEFINITION_ID) VALUES(9, NULL, 3, 3);   
INSERT INTO PUBLIC.REUEST_DEFINITION(ID, JHI_VALUE, REQUEST_ID, FIELD_DEFINITION_ID) VALUES(10, NULL, 3, 34); 
INSERT INTO PUBLIC.REUEST_DEFINITION(ID, JHI_VALUE, REQUEST_ID, FIELD_DEFINITION_ID) VALUES(11, NULL, 4, 38); 
INSERT INTO PUBLIC.REUEST_DEFINITION(ID, JHI_VALUE, REQUEST_ID, FIELD_DEFINITION_ID) VALUES(12, 'undefined', 4, 37);          
INSERT INTO PUBLIC.REUEST_DEFINITION(ID, JHI_VALUE, REQUEST_ID, FIELD_DEFINITION_ID) VALUES(43, NULL, 36, 103);               
INSERT INTO PUBLIC.REUEST_DEFINITION(ID, JHI_VALUE, REQUEST_ID, FIELD_DEFINITION_ID) VALUES(44, NULL, 36, 105);               
INSERT INTO PUBLIC.REUEST_DEFINITION(ID, JHI_VALUE, REQUEST_ID, FIELD_DEFINITION_ID) VALUES(45, NULL, 37, 105);               
INSERT INTO PUBLIC.REUEST_DEFINITION(ID, JHI_VALUE, REQUEST_ID, FIELD_DEFINITION_ID) VALUES(46, NULL, 37, 103);               
INSERT INTO PUBLIC.REUEST_DEFINITION(ID, JHI_VALUE, REQUEST_ID, FIELD_DEFINITION_ID) VALUES(47, NULL, 38, 105);               
INSERT INTO PUBLIC.REUEST_DEFINITION(ID, JHI_VALUE, REQUEST_ID, FIELD_DEFINITION_ID) VALUES(48, NULL, 38, 103);               
INSERT INTO PUBLIC.REUEST_DEFINITION(ID, JHI_VALUE, REQUEST_ID, FIELD_DEFINITION_ID) VALUES(49, NULL, 39, 103);               
INSERT INTO PUBLIC.REUEST_DEFINITION(ID, JHI_VALUE, REQUEST_ID, FIELD_DEFINITION_ID) VALUES(50, NULL, 39, 105);               
INSERT INTO PUBLIC.REUEST_DEFINITION(ID, JHI_VALUE, REQUEST_ID, FIELD_DEFINITION_ID) VALUES(51, NULL, 40, 103);               
INSERT INTO PUBLIC.REUEST_DEFINITION(ID, JHI_VALUE, REQUEST_ID, FIELD_DEFINITION_ID) VALUES(52, NULL, 40, 105);               
INSERT INTO PUBLIC.REUEST_DEFINITION(ID, JHI_VALUE, REQUEST_ID, FIELD_DEFINITION_ID) VALUES(53, 'sdf', 41, 105);              
INSERT INTO PUBLIC.REUEST_DEFINITION(ID, JHI_VALUE, REQUEST_ID, FIELD_DEFINITION_ID) VALUES(54, 'sdf', 41, 103);              
INSERT INTO PUBLIC.REUEST_DEFINITION(ID, JHI_VALUE, REQUEST_ID, FIELD_DEFINITION_ID) VALUES(75, 'xcv', 68, 34);               
INSERT INTO PUBLIC.REUEST_DEFINITION(ID, JHI_VALUE, REQUEST_ID, FIELD_DEFINITION_ID) VALUES(76, 'xcv', 68, 3);
INSERT INTO PUBLIC.REUEST_DEFINITION(ID, JHI_VALUE, REQUEST_ID, FIELD_DEFINITION_ID) VALUES(77, 'xcv', 68, 100);              
INSERT INTO PUBLIC.REUEST_DEFINITION(ID, JHI_VALUE, REQUEST_ID, FIELD_DEFINITION_ID) VALUES(78, 'ENG', 68, 67);               
INSERT INTO PUBLIC.REUEST_DEFINITION(ID, JHI_VALUE, REQUEST_ID, FIELD_DEFINITION_ID) VALUES(79, 'undefined', 68, 98);         
INSERT INTO PUBLIC.REUEST_DEFINITION(ID, JHI_VALUE, REQUEST_ID, FIELD_DEFINITION_ID) VALUES(107, 'vxcv', 100, 34);            
INSERT INTO PUBLIC.REUEST_DEFINITION(ID, JHI_VALUE, REQUEST_ID, FIELD_DEFINITION_ID) VALUES(108, 'C_TYPE_1', 100, 67);        
INSERT INTO PUBLIC.REUEST_DEFINITION(ID, JHI_VALUE, REQUEST_ID, FIELD_DEFINITION_ID) VALUES(109, 'xc', 100, 3);               
INSERT INTO PUBLIC.REUEST_DEFINITION(ID, JHI_VALUE, REQUEST_ID, FIELD_DEFINITION_ID) VALUES(110, 'undefined', 100, 98);       
INSERT INTO PUBLIC.REUEST_DEFINITION(ID, JHI_VALUE, REQUEST_ID, FIELD_DEFINITION_ID) VALUES(111, 'dsff', 100, 100);           
INSERT INTO PUBLIC.REUEST_DEFINITION(ID, JHI_VALUE, REQUEST_ID, FIELD_DEFINITION_ID) VALUES(112, 'xcvx', 101, 3);             
INSERT INTO PUBLIC.REUEST_DEFINITION(ID, JHI_VALUE, REQUEST_ID, FIELD_DEFINITION_ID) VALUES(113, 'sdf', 101, 34);             
INSERT INTO PUBLIC.REUEST_DEFINITION(ID, JHI_VALUE, REQUEST_ID, FIELD_DEFINITION_ID) VALUES(114, 'C_TYPE_2', 101, 67);        
INSERT INTO PUBLIC.REUEST_DEFINITION(ID, JHI_VALUE, REQUEST_ID, FIELD_DEFINITION_ID) VALUES(115, '2', 101, 98);               
INSERT INTO PUBLIC.REUEST_DEFINITION(ID, JHI_VALUE, REQUEST_ID, FIELD_DEFINITION_ID) VALUES(116, 'sdf', 101, 100);            
INSERT INTO PUBLIC.REUEST_DEFINITION(ID, JHI_VALUE, REQUEST_ID, FIELD_DEFINITION_ID) VALUES(139, 'sdf', 132, 34);             
INSERT INTO PUBLIC.REUEST_DEFINITION(ID, JHI_VALUE, REQUEST_ID, FIELD_DEFINITION_ID) VALUES(140, 'df', 132, 3);               
INSERT INTO PUBLIC.REUEST_DEFINITION(ID, JHI_VALUE, REQUEST_ID, FIELD_DEFINITION_ID) VALUES(141, '1', 132, 98);               
INSERT INTO PUBLIC.REUEST_DEFINITION(ID, JHI_VALUE, REQUEST_ID, FIELD_DEFINITION_ID) VALUES(142, 'df', 132, 100);             
INSERT INTO PUBLIC.REUEST_DEFINITION(ID, JHI_VALUE, REQUEST_ID, FIELD_DEFINITION_ID) VALUES(143, 'C_TYPE_2', 132, 67);        
INSERT INTO PUBLIC.REUEST_DEFINITION(ID, JHI_VALUE, REQUEST_ID, FIELD_DEFINITION_ID) VALUES(171, NULL, 164, 3);               
INSERT INTO PUBLIC.REUEST_DEFINITION(ID, JHI_VALUE, REQUEST_ID, FIELD_DEFINITION_ID) VALUES(172, NULL, 164, 67);              
INSERT INTO PUBLIC.REUEST_DEFINITION(ID, JHI_VALUE, REQUEST_ID, FIELD_DEFINITION_ID) VALUES(173, 'undefined', 164, 98);       
INSERT INTO PUBLIC.REUEST_DEFINITION(ID, JHI_VALUE, REQUEST_ID, FIELD_DEFINITION_ID) VALUES(174, NULL, 164, 34);              
INSERT INTO PUBLIC.REUEST_DEFINITION(ID, JHI_VALUE, REQUEST_ID, FIELD_DEFINITION_ID) VALUES(175, NULL, 164, 100);             
INSERT INTO PUBLIC.REUEST_DEFINITION(ID, JHI_VALUE, REQUEST_ID, FIELD_DEFINITION_ID) VALUES(203, 'undefined', 196, 98);       
INSERT INTO PUBLIC.REUEST_DEFINITION(ID, JHI_VALUE, REQUEST_ID, FIELD_DEFINITION_ID) VALUES(204, NULL, 196, 67);              
INSERT INTO PUBLIC.REUEST_DEFINITION(ID, JHI_VALUE, REQUEST_ID, FIELD_DEFINITION_ID) VALUES(205, NULL, 196, 34);              
INSERT INTO PUBLIC.REUEST_DEFINITION(ID, JHI_VALUE, REQUEST_ID, FIELD_DEFINITION_ID) VALUES(206, NULL, 196, 3);               
INSERT INTO PUBLIC.REUEST_DEFINITION(ID, JHI_VALUE, REQUEST_ID, FIELD_DEFINITION_ID) VALUES(207, NULL, 196, 100);             
INSERT INTO PUBLIC.REUEST_DEFINITION(ID, JHI_VALUE, REQUEST_ID, FIELD_DEFINITION_ID) VALUES(235, NULL, 228, 3);               
INSERT INTO PUBLIC.REUEST_DEFINITION(ID, JHI_VALUE, REQUEST_ID, FIELD_DEFINITION_ID) VALUES(236, 'undefined', 228, 98);       
INSERT INTO PUBLIC.REUEST_DEFINITION(ID, JHI_VALUE, REQUEST_ID, FIELD_DEFINITION_ID) VALUES(237, NULL, 228, 67);              
INSERT INTO PUBLIC.REUEST_DEFINITION(ID, JHI_VALUE, REQUEST_ID, FIELD_DEFINITION_ID) VALUES(238, NULL, 228, 34);              
INSERT INTO PUBLIC.REUEST_DEFINITION(ID, JHI_VALUE, REQUEST_ID, FIELD_DEFINITION_ID) VALUES(239, NULL, 228, 100);             
INSERT INTO PUBLIC.REUEST_DEFINITION(ID, JHI_VALUE, REQUEST_ID, FIELD_DEFINITION_ID) VALUES(240, NULL, 229, 3);               
INSERT INTO PUBLIC.REUEST_DEFINITION(ID, JHI_VALUE, REQUEST_ID, FIELD_DEFINITION_ID) VALUES(241, NULL, 229, 34);              
INSERT INTO PUBLIC.REUEST_DEFINITION(ID, JHI_VALUE, REQUEST_ID, FIELD_DEFINITION_ID) VALUES(242, 'undefined', 229, 98);       
INSERT INTO PUBLIC.REUEST_DEFINITION(ID, JHI_VALUE, REQUEST_ID, FIELD_DEFINITION_ID) VALUES(243, NULL, 229, 100);             
INSERT INTO PUBLIC.REUEST_DEFINITION(ID, JHI_VALUE, REQUEST_ID, FIELD_DEFINITION_ID) VALUES(244, NULL, 229, 67);              
INSERT INTO PUBLIC.REUEST_DEFINITION(ID, JHI_VALUE, REQUEST_ID, FIELD_DEFINITION_ID) VALUES(245, NULL, 230, 3);               
INSERT INTO PUBLIC.REUEST_DEFINITION(ID, JHI_VALUE, REQUEST_ID, FIELD_DEFINITION_ID) VALUES(246, NULL, 230, 34);              
INSERT INTO PUBLIC.REUEST_DEFINITION(ID, JHI_VALUE, REQUEST_ID, FIELD_DEFINITION_ID) VALUES(247, 'undefined', 230, 98);       
INSERT INTO PUBLIC.REUEST_DEFINITION(ID, JHI_VALUE, REQUEST_ID, FIELD_DEFINITION_ID) VALUES(248, NULL, 230, 67);              
INSERT INTO PUBLIC.REUEST_DEFINITION(ID, JHI_VALUE, REQUEST_ID, FIELD_DEFINITION_ID) VALUES(249, NULL, 230, 100);             
INSERT INTO PUBLIC.REUEST_DEFINITION(ID, JHI_VALUE, REQUEST_ID, FIELD_DEFINITION_ID) VALUES(250, NULL, 231, 3);               
INSERT INTO PUBLIC.REUEST_DEFINITION(ID, JHI_VALUE, REQUEST_ID, FIELD_DEFINITION_ID) VALUES(251, NULL, 231, 100);             
INSERT INTO PUBLIC.REUEST_DEFINITION(ID, JHI_VALUE, REQUEST_ID, FIELD_DEFINITION_ID) VALUES(252, NULL, 231, 67);              
INSERT INTO PUBLIC.REUEST_DEFINITION(ID, JHI_VALUE, REQUEST_ID, FIELD_DEFINITION_ID) VALUES(253, NULL, 231, 34);              
INSERT INTO PUBLIC.REUEST_DEFINITION(ID, JHI_VALUE, REQUEST_ID, FIELD_DEFINITION_ID) VALUES(254, 'undefined', 231, 98);       
INSERT INTO PUBLIC.REUEST_DEFINITION(ID, JHI_VALUE, REQUEST_ID, FIELD_DEFINITION_ID) VALUES(255, NULL, 232, 3);               
INSERT INTO PUBLIC.REUEST_DEFINITION(ID, JHI_VALUE, REQUEST_ID, FIELD_DEFINITION_ID) VALUES(256, NULL, 232, 34);              
INSERT INTO PUBLIC.REUEST_DEFINITION(ID, JHI_VALUE, REQUEST_ID, FIELD_DEFINITION_ID) VALUES(257, NULL, 232, 67);              
INSERT INTO PUBLIC.REUEST_DEFINITION(ID, JHI_VALUE, REQUEST_ID, FIELD_DEFINITION_ID) VALUES(258, 'undefined', 232, 98);       
INSERT INTO PUBLIC.REUEST_DEFINITION(ID, JHI_VALUE, REQUEST_ID, FIELD_DEFINITION_ID) VALUES(259, NULL, 232, 100);             
INSERT INTO PUBLIC.REUEST_DEFINITION(ID, JHI_VALUE, REQUEST_ID, FIELD_DEFINITION_ID) VALUES(267, NULL, 260, 100);             
INSERT INTO PUBLIC.REUEST_DEFINITION(ID, JHI_VALUE, REQUEST_ID, FIELD_DEFINITION_ID) VALUES(268, NULL, 260, 3);               
INSERT INTO PUBLIC.REUEST_DEFINITION(ID, JHI_VALUE, REQUEST_ID, FIELD_DEFINITION_ID) VALUES(269, NULL, 260, 67);              
INSERT INTO PUBLIC.REUEST_DEFINITION(ID, JHI_VALUE, REQUEST_ID, FIELD_DEFINITION_ID) VALUES(270, 'undefined', 260, 98);       
INSERT INTO PUBLIC.REUEST_DEFINITION(ID, JHI_VALUE, REQUEST_ID, FIELD_DEFINITION_ID) VALUES(271, NULL, 260, 34);              
INSERT INTO PUBLIC.REUEST_DEFINITION(ID, JHI_VALUE, REQUEST_ID, FIELD_DEFINITION_ID) VALUES(299, 'dfs', 292, 3);              
INSERT INTO PUBLIC.REUEST_DEFINITION(ID, JHI_VALUE, REQUEST_ID, FIELD_DEFINITION_ID) VALUES(300, 'undefined', 292, 98);       
INSERT INTO PUBLIC.REUEST_DEFINITION(ID, JHI_VALUE, REQUEST_ID, FIELD_DEFINITION_ID) VALUES(301, 'C_TYPE_1', 292, 67);        
INSERT INTO PUBLIC.REUEST_DEFINITION(ID, JHI_VALUE, REQUEST_ID, FIELD_DEFINITION_ID) VALUES(302, NULL, 292, 100);             
INSERT INTO PUBLIC.REUEST_DEFINITION(ID, JHI_VALUE, REQUEST_ID, FIELD_DEFINITION_ID) VALUES(303, 'sdf', 292, 34);             
INSERT INTO PUBLIC.REUEST_DEFINITION(ID, JHI_VALUE, REQUEST_ID, FIELD_DEFINITION_ID) VALUES(304, 'sdf', 293, 3);              
INSERT INTO PUBLIC.REUEST_DEFINITION(ID, JHI_VALUE, REQUEST_ID, FIELD_DEFINITION_ID) VALUES(305, 'sdf', 293, 34);             
INSERT INTO PUBLIC.REUEST_DEFINITION(ID, JHI_VALUE, REQUEST_ID, FIELD_DEFINITION_ID) VALUES(306, 'undefined', 293, 98);       
INSERT INTO PUBLIC.REUEST_DEFINITION(ID, JHI_VALUE, REQUEST_ID, FIELD_DEFINITION_ID) VALUES(307, 'C_TYPE_1', 293, 67);        
INSERT INTO PUBLIC.REUEST_DEFINITION(ID, JHI_VALUE, REQUEST_ID, FIELD_DEFINITION_ID) VALUES(308, 'sdfsdf', 293, 100);         
INSERT INTO PUBLIC.REUEST_DEFINITION(ID, JHI_VALUE, REQUEST_ID, FIELD_DEFINITION_ID) VALUES(331, NULL, 324, 100);             
INSERT INTO PUBLIC.REUEST_DEFINITION(ID, JHI_VALUE, REQUEST_ID, FIELD_DEFINITION_ID) VALUES(332, 'sdf', 324, 34);             
INSERT INTO PUBLIC.REUEST_DEFINITION(ID, JHI_VALUE, REQUEST_ID, FIELD_DEFINITION_ID) VALUES(333, 'ad', 324, 3);               
INSERT INTO PUBLIC.REUEST_DEFINITION(ID, JHI_VALUE, REQUEST_ID, FIELD_DEFINITION_ID) VALUES(334, 'C_TYPE_1', 324, 67);        
INSERT INTO PUBLIC.REUEST_DEFINITION(ID, JHI_VALUE, REQUEST_ID, FIELD_DEFINITION_ID) VALUES(335, '1', 324, 98);               
INSERT INTO PUBLIC.REUEST_DEFINITION(ID, JHI_VALUE, REQUEST_ID, FIELD_DEFINITION_ID) VALUES(336, 'ad', 324, 3);               
INSERT INTO PUBLIC.REUEST_DEFINITION(ID, JHI_VALUE, REQUEST_ID, FIELD_DEFINITION_ID) VALUES(337, '1', 324, 98);               
INSERT INTO PUBLIC.REUEST_DEFINITION(ID, JHI_VALUE, REQUEST_ID, FIELD_DEFINITION_ID) VALUES(338, 'C_TYPE_1', 324, 67);        
INSERT INTO PUBLIC.REUEST_DEFINITION(ID, JHI_VALUE, REQUEST_ID, FIELD_DEFINITION_ID) VALUES(339, 'sdf', 324, 34);             
INSERT INTO PUBLIC.REUEST_DEFINITION(ID, JHI_VALUE, REQUEST_ID, FIELD_DEFINITION_ID) VALUES(340, 'sdsd', 324, 100);           
INSERT INTO PUBLIC.REUEST_DEFINITION(ID, JHI_VALUE, REQUEST_ID, FIELD_DEFINITION_ID) VALUES(341, 'undefined', 325, 98);       
INSERT INTO PUBLIC.REUEST_DEFINITION(ID, JHI_VALUE, REQUEST_ID, FIELD_DEFINITION_ID) VALUES(342, NULL, 325, 3);               
INSERT INTO PUBLIC.REUEST_DEFINITION(ID, JHI_VALUE, REQUEST_ID, FIELD_DEFINITION_ID) VALUES(343, NULL, 325, 67);              
INSERT INTO PUBLIC.REUEST_DEFINITION(ID, JHI_VALUE, REQUEST_ID, FIELD_DEFINITION_ID) VALUES(344, NULL, 325, 34);              
INSERT INTO PUBLIC.REUEST_DEFINITION(ID, JHI_VALUE, REQUEST_ID, FIELD_DEFINITION_ID) VALUES(345, NULL, 325, 100);             
INSERT INTO PUBLIC.REUEST_DEFINITION(ID, JHI_VALUE, REQUEST_ID, FIELD_DEFINITION_ID) VALUES(346, 'sdf', 326, 100);            
INSERT INTO PUBLIC.REUEST_DEFINITION(ID, JHI_VALUE, REQUEST_ID, FIELD_DEFINITION_ID) VALUES(347, 'sdf', 326, 3);              
INSERT INTO PUBLIC.REUEST_DEFINITION(ID, JHI_VALUE, REQUEST_ID, FIELD_DEFINITION_ID) VALUES(348, 'sdf', 326, 34);             
INSERT INTO PUBLIC.REUEST_DEFINITION(ID, JHI_VALUE, REQUEST_ID, FIELD_DEFINITION_ID) VALUES(349, 'undefined', 326, 98);       
INSERT INTO PUBLIC.REUEST_DEFINITION(ID, JHI_VALUE, REQUEST_ID, FIELD_DEFINITION_ID) VALUES(350, 'C_TYPE_1', 326, 67);        
INSERT INTO PUBLIC.REUEST_DEFINITION(ID, JHI_VALUE, REQUEST_ID, FIELD_DEFINITION_ID) VALUES(351, 'dsf', 327, 3);              
INSERT INTO PUBLIC.REUEST_DEFINITION(ID, JHI_VALUE, REQUEST_ID, FIELD_DEFINITION_ID) VALUES(352, 'C_TYPE_1', 327, 67);        
INSERT INTO PUBLIC.REUEST_DEFINITION(ID, JHI_VALUE, REQUEST_ID, FIELD_DEFINITION_ID) VALUES(353, 'sdf', 327, 100);            
INSERT INTO PUBLIC.REUEST_DEFINITION(ID, JHI_VALUE, REQUEST_ID, FIELD_DEFINITION_ID) VALUES(354, 'dsf', 327, 34);             
INSERT INTO PUBLIC.REUEST_DEFINITION(ID, JHI_VALUE, REQUEST_ID, FIELD_DEFINITION_ID) VALUES(355, '1', 327, 98);               
INSERT INTO PUBLIC.REUEST_DEFINITION(ID, JHI_VALUE, REQUEST_ID, FIELD_DEFINITION_ID) VALUES(363, 'dsf', 356, 3);              
INSERT INTO PUBLIC.REUEST_DEFINITION(ID, JHI_VALUE, REQUEST_ID, FIELD_DEFINITION_ID) VALUES(364, 'C_TYPE_1', 356, 67);        
INSERT INTO PUBLIC.REUEST_DEFINITION(ID, JHI_VALUE, REQUEST_ID, FIELD_DEFINITION_ID) VALUES(365, '-1', 356, 98);              
INSERT INTO PUBLIC.REUEST_DEFINITION(ID, JHI_VALUE, REQUEST_ID, FIELD_DEFINITION_ID) VALUES(366, 'sdf', 356, 100);            
INSERT INTO PUBLIC.REUEST_DEFINITION(ID, JHI_VALUE, REQUEST_ID, FIELD_DEFINITION_ID) VALUES(367, 'dsf', 356, 34);             
INSERT INTO PUBLIC.REUEST_DEFINITION(ID, JHI_VALUE, REQUEST_ID, FIELD_DEFINITION_ID) VALUES(395, 'C_TYPE_1', 388, 67);        
INSERT INTO PUBLIC.REUEST_DEFINITION(ID, JHI_VALUE, REQUEST_ID, FIELD_DEFINITION_ID) VALUES(396, 'safdsdf', 388, 100);        
INSERT INTO PUBLIC.REUEST_DEFINITION(ID, JHI_VALUE, REQUEST_ID, FIELD_DEFINITION_ID) VALUES(397, 'test', 388, 3);             
INSERT INTO PUBLIC.REUEST_DEFINITION(ID, JHI_VALUE, REQUEST_ID, FIELD_DEFINITION_ID) VALUES(398, '1', 388, 98);               
INSERT INTO PUBLIC.REUEST_DEFINITION(ID, JHI_VALUE, REQUEST_ID, FIELD_DEFINITION_ID) VALUES(399, 'test', 388, 34);            
INSERT INTO PUBLIC.REUEST_DEFINITION(ID, JHI_VALUE, REQUEST_ID, FIELD_DEFINITION_ID) VALUES(427, 'C_TYPE_1', 420, 67);        
INSERT INTO PUBLIC.REUEST_DEFINITION(ID, JHI_VALUE, REQUEST_ID, FIELD_DEFINITION_ID) VALUES(428, 'undefined', 420, 98);       
INSERT INTO PUBLIC.REUEST_DEFINITION(ID, JHI_VALUE, REQUEST_ID, FIELD_DEFINITION_ID) VALUES(429, 'df', 420, 34);              
INSERT INTO PUBLIC.REUEST_DEFINITION(ID, JHI_VALUE, REQUEST_ID, FIELD_DEFINITION_ID) VALUES(430, 'sdf', 420, 3);              
INSERT INTO PUBLIC.REUEST_DEFINITION(ID, JHI_VALUE, REQUEST_ID, FIELD_DEFINITION_ID) VALUES(431, 'sdf', 420, 100);            
INSERT INTO PUBLIC.REUEST_DEFINITION(ID, JHI_VALUE, REQUEST_ID, FIELD_DEFINITION_ID) VALUES(432, NULL, 421, 67);              
INSERT INTO PUBLIC.REUEST_DEFINITION(ID, JHI_VALUE, REQUEST_ID, FIELD_DEFINITION_ID) VALUES(433, NULL, 421, 34);              
INSERT INTO PUBLIC.REUEST_DEFINITION(ID, JHI_VALUE, REQUEST_ID, FIELD_DEFINITION_ID) VALUES(434, NULL, 421, 3);               
INSERT INTO PUBLIC.REUEST_DEFINITION(ID, JHI_VALUE, REQUEST_ID, FIELD_DEFINITION_ID) VALUES(435, NULL, 421, 100);             
INSERT INTO PUBLIC.REUEST_DEFINITION(ID, JHI_VALUE, REQUEST_ID, FIELD_DEFINITION_ID) VALUES(436, 'undefined', 421, 98);       
INSERT INTO PUBLIC.REUEST_DEFINITION(ID, JHI_VALUE, REQUEST_ID, FIELD_DEFINITION_ID) VALUES(437, 'sdf', 421, 3);              
INSERT INTO PUBLIC.REUEST_DEFINITION(ID, JHI_VALUE, REQUEST_ID, FIELD_DEFINITION_ID) VALUES(438, NULL, 421, 67);              
INSERT INTO PUBLIC.REUEST_DEFINITION(ID, JHI_VALUE, REQUEST_ID, FIELD_DEFINITION_ID) VALUES(439, NULL, 421, 100);             
INSERT INTO PUBLIC.REUEST_DEFINITION(ID, JHI_VALUE, REQUEST_ID, FIELD_DEFINITION_ID) VALUES(440, 'sdf', 421, 34);             
INSERT INTO PUBLIC.REUEST_DEFINITION(ID, JHI_VALUE, REQUEST_ID, FIELD_DEFINITION_ID) VALUES(441, 'undefined', 421, 98);       
INSERT INTO PUBLIC.REUEST_DEFINITION(ID, JHI_VALUE, REQUEST_ID, FIELD_DEFINITION_ID) VALUES(442, 'sdf', 421, 3);              
INSERT INTO PUBLIC.REUEST_DEFINITION(ID, JHI_VALUE, REQUEST_ID, FIELD_DEFINITION_ID) VALUES(443, 'C_TYPE_1', 421, 67);        
INSERT INTO PUBLIC.REUEST_DEFINITION(ID, JHI_VALUE, REQUEST_ID, FIELD_DEFINITION_ID) VALUES(444, 'sdf', 421, 34);             
INSERT INTO PUBLIC.REUEST_DEFINITION(ID, JHI_VALUE, REQUEST_ID, FIELD_DEFINITION_ID) VALUES(445, 'undefined', 421, 98);       
INSERT INTO PUBLIC.REUEST_DEFINITION(ID, JHI_VALUE, REQUEST_ID, FIELD_DEFINITION_ID) VALUES(446, 'sdf', 421, 100);            
INSERT INTO PUBLIC.REUEST_DEFINITION(ID, JHI_VALUE, REQUEST_ID, FIELD_DEFINITION_ID) VALUES(447, 'sdf', 421, 3);              
INSERT INTO PUBLIC.REUEST_DEFINITION(ID, JHI_VALUE, REQUEST_ID, FIELD_DEFINITION_ID) VALUES(448, '2', 421, 98);               
INSERT INTO PUBLIC.REUEST_DEFINITION(ID, JHI_VALUE, REQUEST_ID, FIELD_DEFINITION_ID) VALUES(449, 'C_TYPE_1', 421, 67);        
INSERT INTO PUBLIC.REUEST_DEFINITION(ID, JHI_VALUE, REQUEST_ID, FIELD_DEFINITION_ID) VALUES(450, 'sdf', 421, 34);             
INSERT INTO PUBLIC.REUEST_DEFINITION(ID, JHI_VALUE, REQUEST_ID, FIELD_DEFINITION_ID) VALUES(451, 'sdf', 421, 100);            
INSERT INTO PUBLIC.REUEST_DEFINITION(ID, JHI_VALUE, REQUEST_ID, FIELD_DEFINITION_ID) VALUES(459, 'C_TYPE_1', 452, 67);        
INSERT INTO PUBLIC.REUEST_DEFINITION(ID, JHI_VALUE, REQUEST_ID, FIELD_DEFINITION_ID) VALUES(460, 'hg', 452, 34);              
INSERT INTO PUBLIC.REUEST_DEFINITION(ID, JHI_VALUE, REQUEST_ID, FIELD_DEFINITION_ID) VALUES(461, 'bhm', 452, 100);            
INSERT INTO PUBLIC.REUEST_DEFINITION(ID, JHI_VALUE, REQUEST_ID, FIELD_DEFINITION_ID) VALUES(462, 'hghjgq', 452, 3);           
INSERT INTO PUBLIC.REUEST_DEFINITION(ID, JHI_VALUE, REQUEST_ID, FIELD_DEFINITION_ID) VALUES(463, '2', 452, 98);               
INSERT INTO PUBLIC.REUEST_DEFINITION(ID, JHI_VALUE, REQUEST_ID, FIELD_DEFINITION_ID) VALUES(491, 'C_TYPE_1', 484, 67);        
INSERT INTO PUBLIC.REUEST_DEFINITION(ID, JHI_VALUE, REQUEST_ID, FIELD_DEFINITION_ID) VALUES(492, 'test', 484, 34);            
INSERT INTO PUBLIC.REUEST_DEFINITION(ID, JHI_VALUE, REQUEST_ID, FIELD_DEFINITION_ID) VALUES(493, 'test', 484, 100);           
INSERT INTO PUBLIC.REUEST_DEFINITION(ID, JHI_VALUE, REQUEST_ID, FIELD_DEFINITION_ID) VALUES(494, '1', 484, 98);               
INSERT INTO PUBLIC.REUEST_DEFINITION(ID, JHI_VALUE, REQUEST_ID, FIELD_DEFINITION_ID) VALUES(495, 'test', 484, 3);             
INSERT INTO PUBLIC.REUEST_DEFINITION(ID, JHI_VALUE, REQUEST_ID, FIELD_DEFINITION_ID) VALUES(496, 'd', 485, 34);               
INSERT INTO PUBLIC.REUEST_DEFINITION(ID, JHI_VALUE, REQUEST_ID, FIELD_DEFINITION_ID) VALUES(497, 'dfs', 485, 100);            
INSERT INTO PUBLIC.REUEST_DEFINITION(ID, JHI_VALUE, REQUEST_ID, FIELD_DEFINITION_ID) VALUES(498, 'C_TYPE_1', 485, 67);        
INSERT INTO PUBLIC.REUEST_DEFINITION(ID, JHI_VALUE, REQUEST_ID, FIELD_DEFINITION_ID) VALUES(499, 'sdf', 485, 3);              
INSERT INTO PUBLIC.REUEST_DEFINITION(ID, JHI_VALUE, REQUEST_ID, FIELD_DEFINITION_ID) VALUES(500, 'undefined', 485, 98);       
INSERT INTO PUBLIC.REUEST_DEFINITION(ID, JHI_VALUE, REQUEST_ID, FIELD_DEFINITION_ID) VALUES(501, 'sdf', 486, 34);             
INSERT INTO PUBLIC.REUEST_DEFINITION(ID, JHI_VALUE, REQUEST_ID, FIELD_DEFINITION_ID) VALUES(502, 'notheing', 486, 3);         
INSERT INTO PUBLIC.REUEST_DEFINITION(ID, JHI_VALUE, REQUEST_ID, FIELD_DEFINITION_ID) VALUES(503, 'C_TYPE_1', 486, 67);        
INSERT INTO PUBLIC.REUEST_DEFINITION(ID, JHI_VALUE, REQUEST_ID, FIELD_DEFINITION_ID) VALUES(504, '1', 486, 98);               
INSERT INTO PUBLIC.REUEST_DEFINITION(ID, JHI_VALUE, REQUEST_ID, FIELD_DEFINITION_ID) VALUES(505, 'my text', 486, 100);        
INSERT INTO PUBLIC.REUEST_DEFINITION(ID, JHI_VALUE, REQUEST_ID, FIELD_DEFINITION_ID) VALUES(506, 'test', 487, 100);           
INSERT INTO PUBLIC.REUEST_DEFINITION(ID, JHI_VALUE, REQUEST_ID, FIELD_DEFINITION_ID) VALUES(507, 'C_TYPE_1', 487, 67);        
INSERT INTO PUBLIC.REUEST_DEFINITION(ID, JHI_VALUE, REQUEST_ID, FIELD_DEFINITION_ID) VALUES(508, 'test', 487, 3);             
INSERT INTO PUBLIC.REUEST_DEFINITION(ID, JHI_VALUE, REQUEST_ID, FIELD_DEFINITION_ID) VALUES(509, '2', 487, 98);               
INSERT INTO PUBLIC.REUEST_DEFINITION(ID, JHI_VALUE, REQUEST_ID, FIELD_DEFINITION_ID) VALUES(510, 'test', 487, 34);            
INSERT INTO PUBLIC.REUEST_DEFINITION(ID, JHI_VALUE, REQUEST_ID, FIELD_DEFINITION_ID) VALUES(523, 'C_TYPE_1', 516, 67);        
INSERT INTO PUBLIC.REUEST_DEFINITION(ID, JHI_VALUE, REQUEST_ID, FIELD_DEFINITION_ID) VALUES(524, 'test', 516, 100);           
INSERT INTO PUBLIC.REUEST_DEFINITION(ID, JHI_VALUE, REQUEST_ID, FIELD_DEFINITION_ID) VALUES(525, '1', 516, 98);               
INSERT INTO PUBLIC.REUEST_DEFINITION(ID, JHI_VALUE, REQUEST_ID, FIELD_DEFINITION_ID) VALUES(526, 'test', 516, 3);             
INSERT INTO PUBLIC.REUEST_DEFINITION(ID, JHI_VALUE, REQUEST_ID, FIELD_DEFINITION_ID) VALUES(527, 'tset', 516, 34);            
INSERT INTO PUBLIC.REUEST_DEFINITION(ID, JHI_VALUE, REQUEST_ID, FIELD_DEFINITION_ID) VALUES(528, 'Demo', 517, 3);             
INSERT INTO PUBLIC.REUEST_DEFINITION(ID, JHI_VALUE, REQUEST_ID, FIELD_DEFINITION_ID) VALUES(529, 'Demo', 517, 34);            
INSERT INTO PUBLIC.REUEST_DEFINITION(ID, JHI_VALUE, REQUEST_ID, FIELD_DEFINITION_ID) VALUES(530, 'C_TYPE_1', 517, 67);        
INSERT INTO PUBLIC.REUEST_DEFINITION(ID, JHI_VALUE, REQUEST_ID, FIELD_DEFINITION_ID) VALUES(531, 'Demo', 517, 100);           
INSERT INTO PUBLIC.REUEST_DEFINITION(ID, JHI_VALUE, REQUEST_ID, FIELD_DEFINITION_ID) VALUES(532, '1', 517, 98);               
CREATE CACHED TABLE PUBLIC.FIELD_OPTION_DEFINITION(
    ID BIGINT DEFAULT (NEXT VALUE FOR PUBLIC.SYSTEM_SEQUENCE_77753D0A_E5E6_417C_9644_551BC6CD137B) NOT NULL NULL_TO_DEFAULT SEQUENCE PUBLIC.SYSTEM_SEQUENCE_77753D0A_E5E6_417C_9644_551BC6CD137B,
    JHI_KEY VARCHAR(255),
    JHI_VALUE VARCHAR(255),
    FIELD_DEFINITION_ID BIGINT
);            
ALTER TABLE PUBLIC.FIELD_OPTION_DEFINITION ADD CONSTRAINT PUBLIC.PK_FIELD_OPTION_DEFINITION PRIMARY KEY(ID);  
-- 0 +/- SELECT COUNT(*) FROM PUBLIC.FIELD_OPTION_DEFINITION; 
CREATE CACHED TABLE PUBLIC.FIELD_CHOICE_DEFINITION(
    ID BIGINT DEFAULT (NEXT VALUE FOR PUBLIC.SYSTEM_SEQUENCE_439D5F98_D89A_4D21_9C5C_A1B8D88B5F3E) NOT NULL NULL_TO_DEFAULT SEQUENCE PUBLIC.SYSTEM_SEQUENCE_439D5F98_D89A_4D21_9C5C_A1B8D88B5F3E,
    JHI_KEY VARCHAR(255),
    JHI_VALUE VARCHAR(255),
    FIELD_DEFINITION_ID BIGINT
);            
ALTER TABLE PUBLIC.FIELD_CHOICE_DEFINITION ADD CONSTRAINT PUBLIC.PK_FIELD_CHOICE_DEFINITION PRIMARY KEY(ID);  
-- 5 +/- SELECT COUNT(*) FROM PUBLIC.FIELD_CHOICE_DEFINITION; 
INSERT INTO PUBLIC.FIELD_CHOICE_DEFINITION(ID, JHI_KEY, JHI_VALUE, FIELD_DEFINITION_ID) VALUES(1, 'C_TYPE_1', 'Change Type 1', 67);           
INSERT INTO PUBLIC.FIELD_CHOICE_DEFINITION(ID, JHI_KEY, JHI_VALUE, FIELD_DEFINITION_ID) VALUES(2, 'C_TYPE_2', 'Change Type 2', 67);           
INSERT INTO PUBLIC.FIELD_CHOICE_DEFINITION(ID, JHI_KEY, JHI_VALUE, FIELD_DEFINITION_ID) VALUES(3, 'R_1', 'Radio 1', 98);      
INSERT INTO PUBLIC.FIELD_CHOICE_DEFINITION(ID, JHI_KEY, JHI_VALUE, FIELD_DEFINITION_ID) VALUES(4, 'R_2', 'Radio 2', 98);      
INSERT INTO PUBLIC.FIELD_CHOICE_DEFINITION(ID, JHI_KEY, JHI_VALUE, FIELD_DEFINITION_ID) VALUES(5, 'R_3', 'Radio 3', 98);      
CREATE CACHED TABLE PUBLIC.REF_CODE_DETAILS(
    ID BIGINT DEFAULT (NEXT VALUE FOR PUBLIC.SYSTEM_SEQUENCE_07A53DE9_3C4C_4490_A500_B77E7AB88B9F) NOT NULL NULL_TO_DEFAULT SEQUENCE PUBLIC.SYSTEM_SEQUENCE_07A53DE9_3C4C_4490_A500_B77E7AB88B9F,
    CATEGORY VARCHAR(255),
    REF_CODE VARCHAR(255),
    REF_VALUE VARCHAR(255)
);       
ALTER TABLE PUBLIC.REF_CODE_DETAILS ADD CONSTRAINT PUBLIC.PK_REF_CODE_DETAILS PRIMARY KEY(ID);
-- 2 +/- SELECT COUNT(*) FROM PUBLIC.REF_CODE_DETAILS;        
INSERT INTO PUBLIC.REF_CODE_DETAILS(ID, CATEGORY, REF_CODE, REF_VALUE) VALUES(1, 'REQUEST_TYPE', 'DOC', 'Document');          
INSERT INTO PUBLIC.REF_CODE_DETAILS(ID, CATEGORY, REF_CODE, REF_VALUE) VALUES(2, 'REQUEST_TYPE', 'ENG', 'Engineering');       
CREATE CACHED TABLE PUBLIC.ATTACHMENT_TYPE(
    ID BIGINT DEFAULT (NEXT VALUE FOR PUBLIC.SYSTEM_SEQUENCE_7E43A51D_2EBF_4E62_8147_195A3122DC5F) NOT NULL NULL_TO_DEFAULT SEQUENCE PUBLIC.SYSTEM_SEQUENCE_7E43A51D_2EBF_4E62_8147_195A3122DC5F,
    TYPE_NAME VARCHAR(255),
    DESCRIPTION VARCHAR(255),
    REQUEST_TYPE_DEF_CONFIG_ID BIGINT
);         
ALTER TABLE PUBLIC.ATTACHMENT_TYPE ADD CONSTRAINT PUBLIC.PK_ATTACHMENT_TYPE PRIMARY KEY(ID);  
-- 0 +/- SELECT COUNT(*) FROM PUBLIC.ATTACHMENT_TYPE;         
CREATE CACHED TABLE PUBLIC.TASK_QUESTION_INSTANCE(
    ID BIGINT DEFAULT (NEXT VALUE FOR PUBLIC.SYSTEM_SEQUENCE_66C42024_9DF2_4F83_A64E_407602C7191F) NOT NULL NULL_TO_DEFAULT SEQUENCE PUBLIC.SYSTEM_SEQUENCE_66C42024_9DF2_4F83_A64E_407602C7191F,
    SORT_IN_PARENT_ID VARCHAR(255),
    DUE_DATE DATE,
    NOTIFIED_DATE DATE,
    COMPLETED_DATE DATE,
    STATUS VARCHAR(255),
    QUESTION_RESPONSE VARCHAR(255),
    PARENT_ID INT,
    DEFINITION_ID INT,
    REQUEST_ID BIGINT
);       
ALTER TABLE PUBLIC.TASK_QUESTION_INSTANCE ADD CONSTRAINT PUBLIC.PK_TASK_QUESTION_INSTANCE PRIMARY KEY(ID);    
-- 38 +/- SELECT COUNT(*) FROM PUBLIC.TASK_QUESTION_INSTANCE; 
INSERT INTO PUBLIC.TASK_QUESTION_INSTANCE(ID, SORT_IN_PARENT_ID, DUE_DATE, NOTIFIED_DATE, COMPLETED_DATE, STATUS, QUESTION_RESPONSE, PARENT_ID, DEFINITION_ID, REQUEST_ID) VALUES(321, NULL, DATE '2018-05-06', DATE '2018-05-06', DATE '2018-05-06', 'APPROVED', NULL, NULL, 2, 388);        
INSERT INTO PUBLIC.TASK_QUESTION_INSTANCE(ID, SORT_IN_PARENT_ID, DUE_DATE, NOTIFIED_DATE, COMPLETED_DATE, STATUS, QUESTION_RESPONSE, PARENT_ID, DEFINITION_ID, REQUEST_ID) VALUES(322, NULL, NULL, NULL, NULL, NULL, 'test', 321, 7, NULL);   
INSERT INTO PUBLIC.TASK_QUESTION_INSTANCE(ID, SORT_IN_PARENT_ID, DUE_DATE, NOTIFIED_DATE, COMPLETED_DATE, STATUS, QUESTION_RESPONSE, PARENT_ID, DEFINITION_ID, REQUEST_ID) VALUES(323, NULL, NULL, NULL, NULL, NULL, 'true', 321, 8, NULL);   
INSERT INTO PUBLIC.TASK_QUESTION_INSTANCE(ID, SORT_IN_PARENT_ID, DUE_DATE, NOTIFIED_DATE, COMPLETED_DATE, STATUS, QUESTION_RESPONSE, PARENT_ID, DEFINITION_ID, REQUEST_ID) VALUES(324, NULL, DATE '2018-05-06', DATE '2018-05-06', DATE '2018-05-06', 'APPROVED', NULL, NULL, 4, 388);        
INSERT INTO PUBLIC.TASK_QUESTION_INSTANCE(ID, SORT_IN_PARENT_ID, DUE_DATE, NOTIFIED_DATE, COMPLETED_DATE, STATUS, QUESTION_RESPONSE, PARENT_ID, DEFINITION_ID, REQUEST_ID) VALUES(325, NULL, DATE '2018-05-06', DATE '2018-05-06', DATE '2018-05-06', 'APPROVED', NULL, NULL, 5, 388);        
INSERT INTO PUBLIC.TASK_QUESTION_INSTANCE(ID, SORT_IN_PARENT_ID, DUE_DATE, NOTIFIED_DATE, COMPLETED_DATE, STATUS, QUESTION_RESPONSE, PARENT_ID, DEFINITION_ID, REQUEST_ID) VALUES(353, NULL, DATE '2018-05-16', DATE '2018-05-16', NULL, 'INITIATED', NULL, NULL, 2, 421);    
INSERT INTO PUBLIC.TASK_QUESTION_INSTANCE(ID, SORT_IN_PARENT_ID, DUE_DATE, NOTIFIED_DATE, COMPLETED_DATE, STATUS, QUESTION_RESPONSE, PARENT_ID, DEFINITION_ID, REQUEST_ID) VALUES(385, NULL, DATE '2018-05-18', DATE '2018-05-18', DATE '2018-05-18', 'APPROVED', NULL, NULL, 2, 452);        
INSERT INTO PUBLIC.TASK_QUESTION_INSTANCE(ID, SORT_IN_PARENT_ID, DUE_DATE, NOTIFIED_DATE, COMPLETED_DATE, STATUS, QUESTION_RESPONSE, PARENT_ID, DEFINITION_ID, REQUEST_ID) VALUES(417, NULL, DATE '2018-05-18', DATE '2018-05-18', DATE '2018-05-18', 'APPROVED', NULL, NULL, 2, 484);        
INSERT INTO PUBLIC.TASK_QUESTION_INSTANCE(ID, SORT_IN_PARENT_ID, DUE_DATE, NOTIFIED_DATE, COMPLETED_DATE, STATUS, QUESTION_RESPONSE, PARENT_ID, DEFINITION_ID, REQUEST_ID) VALUES(418, NULL, NULL, NULL, NULL, NULL, 'TEST', 417, 7, NULL);   
INSERT INTO PUBLIC.TASK_QUESTION_INSTANCE(ID, SORT_IN_PARENT_ID, DUE_DATE, NOTIFIED_DATE, COMPLETED_DATE, STATUS, QUESTION_RESPONSE, PARENT_ID, DEFINITION_ID, REQUEST_ID) VALUES(419, NULL, NULL, NULL, NULL, NULL, 'true', 417, 8, NULL);   
INSERT INTO PUBLIC.TASK_QUESTION_INSTANCE(ID, SORT_IN_PARENT_ID, DUE_DATE, NOTIFIED_DATE, COMPLETED_DATE, STATUS, QUESTION_RESPONSE, PARENT_ID, DEFINITION_ID, REQUEST_ID) VALUES(420, NULL, DATE '2018-05-18', DATE '2018-05-18', DATE '2018-05-18', 'APPROVED', NULL, NULL, 4, 484);        
INSERT INTO PUBLIC.TASK_QUESTION_INSTANCE(ID, SORT_IN_PARENT_ID, DUE_DATE, NOTIFIED_DATE, COMPLETED_DATE, STATUS, QUESTION_RESPONSE, PARENT_ID, DEFINITION_ID, REQUEST_ID) VALUES(421, NULL, DATE '2018-05-18', DATE '2018-05-18', DATE '2018-05-18', 'APPROVED', NULL, NULL, 5, 484);        
INSERT INTO PUBLIC.TASK_QUESTION_INSTANCE(ID, SORT_IN_PARENT_ID, DUE_DATE, NOTIFIED_DATE, COMPLETED_DATE, STATUS, QUESTION_RESPONSE, PARENT_ID, DEFINITION_ID, REQUEST_ID) VALUES(422, NULL, DATE '2018-05-18', DATE '2018-05-18', DATE '2018-05-18', 'APPROVED', NULL, NULL, 2, 485);        
INSERT INTO PUBLIC.TASK_QUESTION_INSTANCE(ID, SORT_IN_PARENT_ID, DUE_DATE, NOTIFIED_DATE, COMPLETED_DATE, STATUS, QUESTION_RESPONSE, PARENT_ID, DEFINITION_ID, REQUEST_ID) VALUES(423, NULL, DATE '2018-05-18', DATE '2018-05-18', NULL, 'INITIATED', NULL, NULL, 4, 485);    
INSERT INTO PUBLIC.TASK_QUESTION_INSTANCE(ID, SORT_IN_PARENT_ID, DUE_DATE, NOTIFIED_DATE, COMPLETED_DATE, STATUS, QUESTION_RESPONSE, PARENT_ID, DEFINITION_ID, REQUEST_ID) VALUES(424, NULL, DATE '2018-05-18', DATE '2018-05-18', NULL, 'INITIATED', NULL, NULL, 5, 485);    
INSERT INTO PUBLIC.TASK_QUESTION_INSTANCE(ID, SORT_IN_PARENT_ID, DUE_DATE, NOTIFIED_DATE, COMPLETED_DATE, STATUS, QUESTION_RESPONSE, PARENT_ID, DEFINITION_ID, REQUEST_ID) VALUES(425, NULL, DATE '2018-05-18', DATE '2018-05-18', NULL, 'INITIATED', NULL, NULL, 4, 452);    
INSERT INTO PUBLIC.TASK_QUESTION_INSTANCE(ID, SORT_IN_PARENT_ID, DUE_DATE, NOTIFIED_DATE, COMPLETED_DATE, STATUS, QUESTION_RESPONSE, PARENT_ID, DEFINITION_ID, REQUEST_ID) VALUES(426, NULL, DATE '2018-05-18', DATE '2018-05-18', NULL, 'INITIATED', NULL, NULL, 5, 452);    
INSERT INTO PUBLIC.TASK_QUESTION_INSTANCE(ID, SORT_IN_PARENT_ID, DUE_DATE, NOTIFIED_DATE, COMPLETED_DATE, STATUS, QUESTION_RESPONSE, PARENT_ID, DEFINITION_ID, REQUEST_ID) VALUES(427, NULL, DATE '2018-05-19', DATE '2018-05-19', DATE '2018-05-19', 'APPROVED', NULL, NULL, 2, 486);        
INSERT INTO PUBLIC.TASK_QUESTION_INSTANCE(ID, SORT_IN_PARENT_ID, DUE_DATE, NOTIFIED_DATE, COMPLETED_DATE, STATUS, QUESTION_RESPONSE, PARENT_ID, DEFINITION_ID, REQUEST_ID) VALUES(428, NULL, NULL, NULL, NULL, NULL, 'test', 427, 7, NULL);   
INSERT INTO PUBLIC.TASK_QUESTION_INSTANCE(ID, SORT_IN_PARENT_ID, DUE_DATE, NOTIFIED_DATE, COMPLETED_DATE, STATUS, QUESTION_RESPONSE, PARENT_ID, DEFINITION_ID, REQUEST_ID) VALUES(429, NULL, NULL, NULL, NULL, NULL, 'true', 427, 8, NULL);   
INSERT INTO PUBLIC.TASK_QUESTION_INSTANCE(ID, SORT_IN_PARENT_ID, DUE_DATE, NOTIFIED_DATE, COMPLETED_DATE, STATUS, QUESTION_RESPONSE, PARENT_ID, DEFINITION_ID, REQUEST_ID) VALUES(430, NULL, NULL, NULL, NULL, NULL, '1', 427, 9, NULL);      
INSERT INTO PUBLIC.TASK_QUESTION_INSTANCE(ID, SORT_IN_PARENT_ID, DUE_DATE, NOTIFIED_DATE, COMPLETED_DATE, STATUS, QUESTION_RESPONSE, PARENT_ID, DEFINITION_ID, REQUEST_ID) VALUES(431, NULL, DATE '2018-05-19', DATE '2018-05-19', DATE '2018-05-19', 'APPROVED', NULL, NULL, 4, 486);        
INSERT INTO PUBLIC.TASK_QUESTION_INSTANCE(ID, SORT_IN_PARENT_ID, DUE_DATE, NOTIFIED_DATE, COMPLETED_DATE, STATUS, QUESTION_RESPONSE, PARENT_ID, DEFINITION_ID, REQUEST_ID) VALUES(432, NULL, DATE '2018-05-19', DATE '2018-05-19', DATE '2018-05-19', 'APPROVED', NULL, NULL, 5, 486);        
INSERT INTO PUBLIC.TASK_QUESTION_INSTANCE(ID, SORT_IN_PARENT_ID, DUE_DATE, NOTIFIED_DATE, COMPLETED_DATE, STATUS, QUESTION_RESPONSE, PARENT_ID, DEFINITION_ID, REQUEST_ID) VALUES(433, NULL, DATE '2018-05-19', DATE '2018-05-19', DATE '2018-05-19', 'APPROVED', NULL, NULL, 2, 487);        
INSERT INTO PUBLIC.TASK_QUESTION_INSTANCE(ID, SORT_IN_PARENT_ID, DUE_DATE, NOTIFIED_DATE, COMPLETED_DATE, STATUS, QUESTION_RESPONSE, PARENT_ID, DEFINITION_ID, REQUEST_ID) VALUES(434, NULL, NULL, NULL, NULL, NULL, 'hgfh', 433, 7, NULL);   
INSERT INTO PUBLIC.TASK_QUESTION_INSTANCE(ID, SORT_IN_PARENT_ID, DUE_DATE, NOTIFIED_DATE, COMPLETED_DATE, STATUS, QUESTION_RESPONSE, PARENT_ID, DEFINITION_ID, REQUEST_ID) VALUES(435, NULL, NULL, NULL, NULL, NULL, 'true', 433, 8, NULL);   
INSERT INTO PUBLIC.TASK_QUESTION_INSTANCE(ID, SORT_IN_PARENT_ID, DUE_DATE, NOTIFIED_DATE, COMPLETED_DATE, STATUS, QUESTION_RESPONSE, PARENT_ID, DEFINITION_ID, REQUEST_ID) VALUES(436, NULL, NULL, NULL, NULL, NULL, '1', 433, 9, NULL);      
INSERT INTO PUBLIC.TASK_QUESTION_INSTANCE(ID, SORT_IN_PARENT_ID, DUE_DATE, NOTIFIED_DATE, COMPLETED_DATE, STATUS, QUESTION_RESPONSE, PARENT_ID, DEFINITION_ID, REQUEST_ID) VALUES(437, NULL, DATE '2018-05-19', DATE '2018-05-19', DATE '2018-05-19', 'APPROVED', NULL, NULL, 4, 487);        
INSERT INTO PUBLIC.TASK_QUESTION_INSTANCE(ID, SORT_IN_PARENT_ID, DUE_DATE, NOTIFIED_DATE, COMPLETED_DATE, STATUS, QUESTION_RESPONSE, PARENT_ID, DEFINITION_ID, REQUEST_ID) VALUES(438, NULL, DATE '2018-05-19', DATE '2018-05-19', DATE '2018-05-19', 'APPROVED', NULL, NULL, 5, 487);        
INSERT INTO PUBLIC.TASK_QUESTION_INSTANCE(ID, SORT_IN_PARENT_ID, DUE_DATE, NOTIFIED_DATE, COMPLETED_DATE, STATUS, QUESTION_RESPONSE, PARENT_ID, DEFINITION_ID, REQUEST_ID) VALUES(449, NULL, DATE '2018-05-20', DATE '2018-05-20', DATE '2018-05-20', 'APPROVED', NULL, NULL, 2, 516);        
INSERT INTO PUBLIC.TASK_QUESTION_INSTANCE(ID, SORT_IN_PARENT_ID, DUE_DATE, NOTIFIED_DATE, COMPLETED_DATE, STATUS, QUESTION_RESPONSE, PARENT_ID, DEFINITION_ID, REQUEST_ID) VALUES(450, NULL, DATE '2018-05-20', DATE '2018-05-20', DATE '2018-05-20', 'APPROVED', NULL, NULL, 4, 516);        
INSERT INTO PUBLIC.TASK_QUESTION_INSTANCE(ID, SORT_IN_PARENT_ID, DUE_DATE, NOTIFIED_DATE, COMPLETED_DATE, STATUS, QUESTION_RESPONSE, PARENT_ID, DEFINITION_ID, REQUEST_ID) VALUES(451, NULL, DATE '2018-05-20', DATE '2018-05-20', DATE '2018-05-20', 'APPROVED', NULL, NULL, 5, 516);        
INSERT INTO PUBLIC.TASK_QUESTION_INSTANCE(ID, SORT_IN_PARENT_ID, DUE_DATE, NOTIFIED_DATE, COMPLETED_DATE, STATUS, QUESTION_RESPONSE, PARENT_ID, DEFINITION_ID, REQUEST_ID) VALUES(452, NULL, DATE '2018-05-20', DATE '2018-05-20', DATE '2018-05-20', 'APPROVED', NULL, NULL, 2, 517);        
INSERT INTO PUBLIC.TASK_QUESTION_INSTANCE(ID, SORT_IN_PARENT_ID, DUE_DATE, NOTIFIED_DATE, COMPLETED_DATE, STATUS, QUESTION_RESPONSE, PARENT_ID, DEFINITION_ID, REQUEST_ID) VALUES(453, NULL, NULL, NULL, NULL, NULL, 'Demo ans', 452, 7, NULL);               
INSERT INTO PUBLIC.TASK_QUESTION_INSTANCE(ID, SORT_IN_PARENT_ID, DUE_DATE, NOTIFIED_DATE, COMPLETED_DATE, STATUS, QUESTION_RESPONSE, PARENT_ID, DEFINITION_ID, REQUEST_ID) VALUES(454, NULL, NULL, NULL, NULL, NULL, 'true', 452, 8, NULL);   
INSERT INTO PUBLIC.TASK_QUESTION_INSTANCE(ID, SORT_IN_PARENT_ID, DUE_DATE, NOTIFIED_DATE, COMPLETED_DATE, STATUS, QUESTION_RESPONSE, PARENT_ID, DEFINITION_ID, REQUEST_ID) VALUES(455, NULL, NULL, NULL, NULL, NULL, '1', 452, 9, NULL);      
INSERT INTO PUBLIC.TASK_QUESTION_INSTANCE(ID, SORT_IN_PARENT_ID, DUE_DATE, NOTIFIED_DATE, COMPLETED_DATE, STATUS, QUESTION_RESPONSE, PARENT_ID, DEFINITION_ID, REQUEST_ID) VALUES(456, NULL, DATE '2018-05-20', DATE '2018-05-20', DATE '2018-05-20', 'APPROVED', NULL, NULL, 4, 517);        
INSERT INTO PUBLIC.TASK_QUESTION_INSTANCE(ID, SORT_IN_PARENT_ID, DUE_DATE, NOTIFIED_DATE, COMPLETED_DATE, STATUS, QUESTION_RESPONSE, PARENT_ID, DEFINITION_ID, REQUEST_ID) VALUES(457, NULL, DATE '2018-05-20', DATE '2018-05-20', DATE '2018-05-20', 'REJECTED', NULL, NULL, 5, 517);        
CREATE CACHED TABLE PUBLIC.PEOPLE_ROLE(
    ID BIGINT DEFAULT (NEXT VALUE FOR PUBLIC.SYSTEM_SEQUENCE_E93DDFD4_A47E_4A26_9DFC_1B5B1D1682DE) NOT NULL NULL_TO_DEFAULT SEQUENCE PUBLIC.SYSTEM_SEQUENCE_E93DDFD4_A47E_4A26_9DFC_1B5B1D1682DE,
    ROLE_NAME VARCHAR(255),
    REQUEST_TYPE_DEF_CONFIG_ID BIGINT
);            
ALTER TABLE PUBLIC.PEOPLE_ROLE ADD CONSTRAINT PUBLIC.PK_PEOPLE_ROLE PRIMARY KEY(ID);          
-- 3 +/- SELECT COUNT(*) FROM PUBLIC.PEOPLE_ROLE;             
INSERT INTO PUBLIC.PEOPLE_ROLE(ID, ROLE_NAME, REQUEST_TYPE_DEF_CONFIG_ID) VALUES(1, 'Reviewer', 1);           
INSERT INTO PUBLIC.PEOPLE_ROLE(ID, ROLE_NAME, REQUEST_TYPE_DEF_CONFIG_ID) VALUES(2, 'Approver1', 1);          
INSERT INTO PUBLIC.PEOPLE_ROLE(ID, ROLE_NAME, REQUEST_TYPE_DEF_CONFIG_ID) VALUES(3, 'Closer', 1);             
CREATE CACHED TABLE PUBLIC.PEOPLE_ROLE_USER_MAPPING(
    ID BIGINT DEFAULT (NEXT VALUE FOR PUBLIC.SYSTEM_SEQUENCE_E75FB5B1_AE1E_43B8_897B_7F1F432969DC) NOT NULL NULL_TO_DEFAULT SEQUENCE PUBLIC.SYSTEM_SEQUENCE_E75FB5B1_AE1E_43B8_897B_7F1F432969DC,
    USER_ID VARCHAR(255),
    REQUEST_TYPE_DEF_CONFIG_ID BIGINT,
    PEOPLE_ROLE_ID BIGINT
);     
ALTER TABLE PUBLIC.PEOPLE_ROLE_USER_MAPPING ADD CONSTRAINT PUBLIC.PK_PEOPLE_ROLE_USER_MAPPING PRIMARY KEY(ID);
-- 4 +/- SELECT COUNT(*) FROM PUBLIC.PEOPLE_ROLE_USER_MAPPING;
INSERT INTO PUBLIC.PEOPLE_ROLE_USER_MAPPING(ID, USER_ID, REQUEST_TYPE_DEF_CONFIG_ID, PEOPLE_ROLE_ID) VALUES(1, 'reviewer', 1, 1);             
INSERT INTO PUBLIC.PEOPLE_ROLE_USER_MAPPING(ID, USER_ID, REQUEST_TYPE_DEF_CONFIG_ID, PEOPLE_ROLE_ID) VALUES(2, 'approver1', 1, 2);            
INSERT INTO PUBLIC.PEOPLE_ROLE_USER_MAPPING(ID, USER_ID, REQUEST_TYPE_DEF_CONFIG_ID, PEOPLE_ROLE_ID) VALUES(3, 'approver2', 1, 2);            
INSERT INTO PUBLIC.PEOPLE_ROLE_USER_MAPPING(ID, USER_ID, REQUEST_TYPE_DEF_CONFIG_ID, PEOPLE_ROLE_ID) VALUES(4, 'closer', 1, 3);               
CREATE CACHED TABLE PUBLIC.TASK_STRUCTURE_CONFIG(
    ID BIGINT DEFAULT (NEXT VALUE FOR PUBLIC.SYSTEM_SEQUENCE_FABA8E47_A115_44CA_873B_17B0C04683F8) NOT NULL NULL_TO_DEFAULT SEQUENCE PUBLIC.SYSTEM_SEQUENCE_FABA8E47_A115_44CA_873B_17B0C04683F8,
    PARENT_ID INT,
    SORT_IN_PARENT_ID VARCHAR(255),
    NAME VARCHAR(255),
    JHI_TYPE VARCHAR(255),
    QUESTION_TYPE VARCHAR(255),
    QUESTION_ANSWER_LIST_ID INT,
    PEOPLE_ROLE INT,
    REQUEST_TYPE_DEF_CONFIG_ID BIGINT,
    ORDERING NUMBER,
    INSTRUCTION VARCHAR
);         
ALTER TABLE PUBLIC.TASK_STRUCTURE_CONFIG ADD CONSTRAINT PUBLIC.PK_TASK_STRUCTURE_CONFIG PRIMARY KEY(ID);      
-- 9 +/- SELECT COUNT(*) FROM PUBLIC.TASK_STRUCTURE_CONFIG;   
INSERT INTO PUBLIC.TASK_STRUCTURE_CONFIG(ID, PARENT_ID, SORT_IN_PARENT_ID, NAME, JHI_TYPE, QUESTION_TYPE, QUESTION_ANSWER_LIST_ID, PEOPLE_ROLE, REQUEST_TYPE_DEF_CONFIG_ID, ORDERING, INSTRUCTION) VALUES(4, 3, NULL, 'HSE Approval', 'TASK', NULL, NULL, 2, 1, NULL, NULL);  
INSERT INTO PUBLIC.TASK_STRUCTURE_CONFIG(ID, PARENT_ID, SORT_IN_PARENT_ID, NAME, JHI_TYPE, QUESTION_TYPE, QUESTION_ANSWER_LIST_ID, PEOPLE_ROLE, REQUEST_TYPE_DEF_CONFIG_ID, ORDERING, INSTRUCTION) VALUES(5, 3, NULL, 'HRE Approval', 'TASK', NULL, NULL, 2, 1, NULL, NULL);  
INSERT INTO PUBLIC.TASK_STRUCTURE_CONFIG(ID, PARENT_ID, SORT_IN_PARENT_ID, NAME, JHI_TYPE, QUESTION_TYPE, QUESTION_ANSWER_LIST_ID, PEOPLE_ROLE, REQUEST_TYPE_DEF_CONFIG_ID, ORDERING, INSTRUCTION) VALUES(6, NULL, NULL, 'Closure', 'TASK', NULL, NULL, 3, 1, NULL, NULL);    
INSERT INTO PUBLIC.TASK_STRUCTURE_CONFIG(ID, PARENT_ID, SORT_IN_PARENT_ID, NAME, JHI_TYPE, QUESTION_TYPE, QUESTION_ANSWER_LIST_ID, PEOPLE_ROLE, REQUEST_TYPE_DEF_CONFIG_ID, ORDERING, INSTRUCTION) VALUES(1, NULL, NULL, 'Review', 'STRUCTURE', NULL, NULL, NULL, 1, 1, NULL);
INSERT INTO PUBLIC.TASK_STRUCTURE_CONFIG(ID, PARENT_ID, SORT_IN_PARENT_ID, NAME, JHI_TYPE, QUESTION_TYPE, QUESTION_ANSWER_LIST_ID, PEOPLE_ROLE, REQUEST_TYPE_DEF_CONFIG_ID, ORDERING, INSTRUCTION) VALUES(3, NULL, NULL, 'Approval', 'STRUCTURE', NULL, NULL, NULL, 1, 2, NULL);              
INSERT INTO PUBLIC.TASK_STRUCTURE_CONFIG(ID, PARENT_ID, SORT_IN_PARENT_ID, NAME, JHI_TYPE, QUESTION_TYPE, QUESTION_ANSWER_LIST_ID, PEOPLE_ROLE, REQUEST_TYPE_DEF_CONFIG_ID, ORDERING, INSTRUCTION) VALUES(7, 2, NULL, 'My question', 'QUESTION', 'Text', NULL, NULL, 1, NULL, NULL);          
INSERT INTO PUBLIC.TASK_STRUCTURE_CONFIG(ID, PARENT_ID, SORT_IN_PARENT_ID, NAME, JHI_TYPE, QUESTION_TYPE, QUESTION_ANSWER_LIST_ID, PEOPLE_ROLE, REQUEST_TYPE_DEF_CONFIG_ID, ORDERING, INSTRUCTION) VALUES(8, 2, NULL, 'Checkbox', 'QUESTION', 'Checkbox', NULL, NULL, 1, NULL, NULL);         
INSERT INTO PUBLIC.TASK_STRUCTURE_CONFIG(ID, PARENT_ID, SORT_IN_PARENT_ID, NAME, JHI_TYPE, QUESTION_TYPE, QUESTION_ANSWER_LIST_ID, PEOPLE_ROLE, REQUEST_TYPE_DEF_CONFIG_ID, ORDERING, INSTRUCTION) VALUES(9, 2, NULL, 'RadioButton', 'QUESTION', 'RadioButton', 98, NULL, 1, NULL, NULL);     
INSERT INTO PUBLIC.TASK_STRUCTURE_CONFIG(ID, PARENT_ID, SORT_IN_PARENT_ID, NAME, JHI_TYPE, QUESTION_TYPE, QUESTION_ANSWER_LIST_ID, PEOPLE_ROLE, REQUEST_TYPE_DEF_CONFIG_ID, ORDERING, INSTRUCTION) VALUES(2, 1, NULL, 'Initial Review', 'TASK', NULL, NULL, 1, 1, NULL, 'Lorem ipsum dolor sit amet, consectetuer adipiscing elit, sed diam nonummy nibh euismod tincidunt ut laoreet dolore magna aliquam erat volutpat. Ut wisi enim ad minim veniam, quis nostrud exerci tation ullamcorper suscipit lobortis nisl ut aliquip ex ea commodo consequat. Duis autem vel eum iriure dolor in hendrerit in vulputate velit esse molestie consequat, vel illum dolore eu feugiat nulla facilisis at vero eros et accumsan et iusto odio dignissim qui blandit praesent luptatum zzril delenit augue duis dolore te feugait nulla facilisi. Lorem ipsum dolor sit amet, cons ectetuer adipiscing elit, sed diam nonummy nibh euismod tincidunt ut laoreet dolore magna aliquam erat volutpat');  
ALTER TABLE PUBLIC.JHI_USER ADD CONSTRAINT PUBLIC.CONSTRAINT_69 UNIQUE(EMAIL);
ALTER TABLE PUBLIC.JHI_USER ADD CONSTRAINT PUBLIC.CONSTRAINT_6 UNIQUE(LOGIN); 
ALTER TABLE PUBLIC.REQUEST_TYPE_DEF_CONFIG ADD CONSTRAINT PUBLIC.CONSTRAINT_7 UNIQUE(DEFINITION_ID);          
ALTER TABLE PUBLIC.TASK_STRUCTURE_CONFIG ADD CONSTRAINT PUBLIC.FK_TASK_STRUCTURE_CONFIG_REQUEST_TYPE_DEF_CONFIG_ID FOREIGN KEY(REQUEST_TYPE_DEF_CONFIG_ID) REFERENCES PUBLIC.REQUEST_TYPE_DEF_CONFIG(ID) NOCHECK;             
ALTER TABLE PUBLIC.ATTACHMENT_TYPE ADD CONSTRAINT PUBLIC.FK_ATTACHMENT_TYPE_REQUEST_TYPE_DEF_CONFIG_ID FOREIGN KEY(REQUEST_TYPE_DEF_CONFIG_ID) REFERENCES PUBLIC.REQUEST_TYPE_DEF_CONFIG(ID) NOCHECK;         
ALTER TABLE PUBLIC.PEOPLE_ROLE ADD CONSTRAINT PUBLIC.FK_PEOPLE_ROLE_REQUEST_TYPE_DEF_CONFIG_ID FOREIGN KEY(REQUEST_TYPE_DEF_CONFIG_ID) REFERENCES PUBLIC.REQUEST_TYPE_DEF_CONFIG(ID) NOCHECK; 
ALTER TABLE PUBLIC.JHI_PERSISTENT_AUDIT_EVT_DATA ADD CONSTRAINT PUBLIC.FK_EVT_PERS_AUDIT_EVT_DATA FOREIGN KEY(EVENT_ID) REFERENCES PUBLIC.JHI_PERSISTENT_AUDIT_EVENT(EVENT_ID) NOCHECK;       
ALTER TABLE PUBLIC.PEOPLE_ROLE_USER_MAPPING ADD CONSTRAINT PUBLIC.FK_PEOPLE_ROLE_USER_MAPPING_REQUEST_TYPE_DEF_CONFIG_ID FOREIGN KEY(REQUEST_TYPE_DEF_CONFIG_ID) REFERENCES PUBLIC.REQUEST_TYPE_DEF_CONFIG(ID) NOCHECK;       
ALTER TABLE PUBLIC.PEOPLE_ROLE_USER_MAPPING ADD CONSTRAINT PUBLIC.FK_PEOPLE_ROLE_USER_MAPPING_PEOPLE_ROLE_ID FOREIGN KEY(PEOPLE_ROLE_ID) REFERENCES PUBLIC.PEOPLE_ROLE(ID) NOCHECK;           
ALTER TABLE PUBLIC.FIELD_CHOICE_DEFINITION ADD CONSTRAINT PUBLIC.FK_FIELD_CHOICE_DEFINITION_FIELD_DEFINITION_ID FOREIGN KEY(FIELD_DEFINITION_ID) REFERENCES PUBLIC.FIELD_DEFINITION(ID) NOCHECK;              
ALTER TABLE PUBLIC.FIELD_DEFINITION ADD CONSTRAINT PUBLIC.FK_FIELD_DEFINITION_DEFINITION_ID FOREIGN KEY(DEFINITION_ID) REFERENCES PUBLIC.DEFINITION_CONFIG(ID) NOCHECK;       
ALTER TABLE PUBLIC.TASK_QUESTION_INSTANCE ADD CONSTRAINT PUBLIC.FK_TASK_QUESTION_INSTANCE_REQUEST_ID FOREIGN KEY(REQUEST_ID) REFERENCES PUBLIC.REQUEST(ID) NOCHECK;           
ALTER TABLE PUBLIC.JHI_USER_AUTHORITY ADD CONSTRAINT PUBLIC.FK_USER_ID FOREIGN KEY(USER_ID) REFERENCES PUBLIC.JHI_USER(ID) NOCHECK;           
ALTER TABLE PUBLIC.REUEST_DEFINITION ADD CONSTRAINT PUBLIC.FK_REUEST_DEFINITION_REQUEST_ID FOREIGN KEY(REQUEST_ID) REFERENCES PUBLIC.REQUEST(ID) NOCHECK;     
ALTER TABLE PUBLIC.REQUEST_ATTACHMENT ADD CONSTRAINT PUBLIC.FK_REQUEST_ATTACHMENT_REQUESTID_ID FOREIGN KEY(REQUESTID_ID) REFERENCES PUBLIC.REQUEST(ID) NOCHECK;               
ALTER TABLE PUBLIC.FIELD_OPTION_DEFINITION ADD CONSTRAINT PUBLIC.FK_FIELD_OPTION_DEFINITION_FIELD_DEFINITION_ID FOREIGN KEY(FIELD_DEFINITION_ID) REFERENCES PUBLIC.FIELD_DEFINITION(ID) NOCHECK;              
ALTER TABLE PUBLIC.REQUEST_TYPE_DEF_CONFIG ADD CONSTRAINT PUBLIC.FK_REQUEST_TYPE_DEF_CONFIG_DEFINITION_ID FOREIGN KEY(DEFINITION_ID) REFERENCES PUBLIC.DEFINITION_CONFIG(ID) NOCHECK;         
ALTER TABLE PUBLIC.REUEST_DEFINITION ADD CONSTRAINT PUBLIC.FK_REUEST_DEFINITION_FIELD_DEFINITION_ID FOREIGN KEY(FIELD_DEFINITION_ID) REFERENCES PUBLIC.FIELD_DEFINITION(ID) NOCHECK;          
ALTER TABLE PUBLIC.JHI_USER_AUTHORITY ADD CONSTRAINT PUBLIC.FK_AUTHORITY_NAME FOREIGN KEY(AUTHORITY_NAME) REFERENCES PUBLIC.JHI_AUTHORITY(NAME) NOCHECK;      
